"No","Script","English name","Japanese name","Assigned codepoints","Primary research candidate","Found family candidates (semicolon separated)","Source status","Existing-site candidates","Glyph cmap verified?","Related unicode blocks"
"1","Adlm","Adlam","アドラム","88","Noto Sans Adlam","Noto Sans Adlam","family_directory_identified","","NO","1E900..1E95F"
"2","Aghb","Caucasian Albanian","カフカス・アルバニア","53","Noto Sans Caucasian Albanian","Noto Sans Caucasian Albanian","family_directory_identified","","NO","10530..1056F"
"3","Ahom","Ahom","アホム","65","Noto Serif Ahom","Noto Serif Ahom","family_directory_identified","","NO","11700..1174F"
"4","Arab","Arabic","アラビア","1452","Noto Sans Arabic","Noto Sans Arabic; Noto Naskh Arabic","family_directory_identified","","NO","0600..06FF; 0750..077F; 0870..089F; 08A0..08FF; FB50..FDFF; FE70..FEFF; 10E60..10E7F; 10EC0..10EFF; 1EE00..1EEFF"
"5","Armi","Imperial Aramaic","帝国アラム","31","Noto Sans Imperial Aramaic","Noto Sans Imperial Aramaic","family_directory_identified","","NO","10840..1085F"
"6","Armn","Armenian","アルメニア","99","Noto Sans Armenian","Noto Sans Armenian; Noto Serif Armenian","family_directory_identified","","NO","0530..058F"
"7","Avst","Avestan","アヴェスター","61","Noto Sans Avestan","Noto Sans Avestan","family_directory_identified","","NO","10B00..10B3F"
"8","Bali","Balinese","バリ","127","Noto Sans Balinese","Noto Sans Balinese; Noto Serif Balinese","family_directory_identified","","NO","1B00..1B7F"
"9","Bamu","Bamum","バムン","657","Noto Sans Bamum","Noto Sans Bamum","family_directory_identified","","NO","A6A0..A6FF; 16800..16A3F"
"10","Bass","Bassa Vah","バッサ・ヴァー","36","Noto Sans Bassa Vah","Noto Sans Bassa Vah","family_directory_identified","","NO","16AD0..16AFF"
"11","Batk","Batak","バタク","56","Noto Sans Batak","Noto Sans Batak","family_directory_identified","","NO","1BC0..1BFF"
"12","Beng","Bengali","ベンガル","98","Noto Sans Bengali","Noto Sans Bengali; Noto Serif Bengali","family_directory_identified","","NO","0980..09FF; 11DF0..11DFF"
"13","Berf","Beria Erfe","ベリア・エルフェ","50","Kedebideri","Kedebideri","specialist_font_source_identified","","NO","16EA0..16EDF"
"14","Bhks","Bhaiksuki","バイクシュキー","97","Noto Sans Bhaiksuki","Noto Sans Bhaiksuki","family_directory_identified","","NO","11C00..11C6F"
"15","Bopo","Bopomofo","注音字母","77","Noto Sans CJK JP","Noto Sans CJK JP","cjk_font_repository_identified","","NO","3100..312F; 31A0..31BF"
"16","Brah","Brahmi","ブラーフミー","115","Noto Sans Brahmi","Noto Sans Brahmi","family_directory_identified","","NO","11000..1107F"
"17","Brai","Braille","点字","256","Noto Sans Symbols 2","Noto Sans Symbols 2","project_or_generic_candidate_only","","NO","2800..28FF"
"18","Bugi","Buginese","ブギス","30","Noto Sans Buginese","Noto Sans Buginese","family_directory_identified","","NO","1A00..1A1F"
"19","Buhd","Buhid","ブヒッド","20","Noto Sans Buhid","Noto Sans Buhid","family_directory_identified","","NO","1740..175F"
"20","Cakm","Chakma","チャクマ","71","Noto Sans Chakma","Noto Sans Chakma","family_directory_identified","","NO","11100..1114F"
"21","Cans","Canadian Aboriginal","カナダ先住民音節文字","726","Noto Sans Canadian Aboriginal","Noto Sans Canadian Aboriginal","family_directory_identified","","NO","1400..167F; 18B0..18FF; 11AB0..11ABF"
"22","Cari","Carian","カリア","49","Noto Sans Carian","Noto Sans Carian","family_directory_identified","","NO","102A0..102DF"
"23","Cham","Cham","チャム","83","Noto Sans Cham","Noto Sans Cham","family_directory_identified","","NO","AA00..AA5F"
"24","Cher","Cherokee","チェロキー","172","Noto Sans Cherokee","Noto Sans Cherokee","family_directory_identified","","NO","13A0..13FF; AB70..ABBF"
"25","Chrs","Chorasmian","ホラズム","28","Noto Sans Chorasmian","Noto Sans Chorasmian","family_directory_identified","","NO","10FB0..10FDF"
"26","Copt","Coptic","コプト","137","Noto Sans Coptic","Noto Sans Coptic","family_directory_identified","","NO","2C80..2CFF; 102E0..102FF"
"27","Cpmn","Cypro Minoan","キプロ・ミノア","99","Noto Sans Cypro Minoan","Noto Sans Cypro Minoan","family_directory_identified","","NO","12F90..12FFF"
"28","Cprt","Cypriot","キプロス音節文字","55","Noto Sans Cypriot","Noto Sans Cypriot","family_directory_identified","","NO","10800..1083F"
"29","Cyrl","Cyrillic","キリル","508","Noto Sans","Noto Sans; Noto Serif","family_directory_identified","","NO","0400..04FF; 0500..052F; 1C80..1C8F; 2DE0..2DFF; A640..A69F; 1E030..1E08F"
"30","Deva","Devanagari","デーヴァナーガリー","165","Noto Sans Devanagari","Noto Sans Devanagari; Noto Serif Devanagari","family_directory_identified","","NO","0900..097F; A8E0..A8FF; 11B00..11B5F"
"31","Diak","Dives Akuru","ディヴェス・アクル","72","Noto Serif Dives Akuru","Noto Serif Dives Akuru","family_directory_identified","","NO","11900..1195F"
"32","Dogr","Dogra","ドーグラー","60","Noto Serif Dogra","Noto Serif Dogra","family_directory_identified","","NO","11800..1184F"
"33","Dsrt","Deseret","デザレット","80","Noto Sans Deseret","Noto Sans Deseret","family_directory_identified","","NO","10400..1044F"
"34","Dupl","Duployan","デュプロワ式速記","143","Noto Sans Duployan","Noto Sans Duployan","family_directory_identified","","NO","1BC00..1BC9F; 1BCA0..1BCAF"
"35","Egyp","Egyptian Hieroglyphs","エジプト聖刻文字","5105","Noto Sans Egyptian Hieroglyphs","Noto Sans Egyptian Hieroglyphs","family_directory_identified","UniHieroglyphica; Egyptology Extended","NO","13000..1342F; 13430..1345F; 13460..143FF"
"36","Elba","Elbasan","エルバサン","40","Noto Sans Elbasan","Noto Sans Elbasan","family_directory_identified","","NO","10500..1052F"
"37","Elym","Elymaic","エリマイス","23","Noto Sans Elymaic","Noto Sans Elymaic","family_directory_identified","","NO","10FE0..10FFF"
"38","Ethi","Ethiopic","エチオピア","523","Noto Sans Ethiopic","Noto Sans Ethiopic; Noto Serif Ethiopic","family_directory_identified","","NO","1200..137F; 1380..139F; 2D80..2DDF; AB00..AB2F; 1E7E0..1E7FF"
"39","Gara","Garay","ガライ","69","","","no_catalog_source_identified","","NO","10D40..10D8F"
"40","Geor","Georgian","ジョージア","173","Noto Sans Georgian","Noto Sans Georgian; Noto Serif Georgian","family_directory_identified","","NO","10A0..10FF; 1C90..1CBF; 2D00..2D2F"
"41","Glag","Glagolitic","グラゴル","134","Noto Sans Glagolitic","Noto Sans Glagolitic","family_directory_identified","","NO","2C00..2C5F; 1E000..1E02F"
"42","Gong","Gunjala Gondi","グンジャラ・ゴーンディ","63","Noto Sans Gunjala Gondi","Noto Sans Gunjala Gondi","family_directory_identified","","NO","11D60..11DAF"
"43","Gonm","Masaram Gondi","マサラム・ゴーンディ","75","Noto Sans Masaram Gondi","Noto Sans Masaram Gondi","family_directory_identified","","NO","11D00..11D5F"
"44","Goth","Gothic","ゴート","27","Noto Sans Gothic","Noto Sans Gothic","family_directory_identified","","NO","10330..1034F"
"45","Gran","Grantha","グランタ","85","Noto Sans Grantha","Noto Sans Grantha; Noto Serif Grantha","family_directory_identified","","NO","11300..1137F"
"46","Grek","Greek","ギリシャ","520","Noto Sans","Noto Sans; Noto Serif","family_directory_identified","","NO","0370..03FF; 1F00..1FFF; 10140..1018F; 1D200..1D24F"
"47","Gujr","Gujarati","グジャラート","91","Noto Sans Gujarati","Noto Sans Gujarati; Noto Serif Gujarati","family_directory_identified","","NO","0A80..0AFF"
"48","Gukh","Gurung Khema","グルン・ケマ","58","Noto Sans Gurung Khema","Noto Sans Gurung Khema","project_or_generic_candidate_only","","NO","16100..1613F"
"49","Guru","Gurmukhi","グルムキー","80","Noto Sans Gurmukhi","Noto Sans Gurmukhi; Noto Serif Gurmukhi","family_directory_identified","","NO","0A00..0A7F"
"50","Hang","Hangul","ハングル","11739","Noto Sans CJK KR","Noto Sans CJK KR","cjk_font_repository_identified","","NO","1100..11FF; 3130..318F; A960..A97F; AC00..D7AF; D7B0..D7FF"
"51","Hani","Han","漢字","103352","Noto Sans CJK JP","Noto Sans CJK JP; Noto Sans CJK SC; Noto Serif CJK JP","cjk_font_repository_identified","Plangothic P1; Plangothic P2; BabelStone Han; Noto Sans JP","NO","2E80..2EFF; 2F00..2FDF; 3400..4DBF; 4E00..9FFF; F900..FAFF; 16FE0..16FFF; 20000..2A6DF; 2A700..2B73F; 2B740..2B81F; 2B820..2CEAF; 2CEB0..2EBEF; 2EBF0..2EE5F; 2F800..2FA1F; 30000..3134F; 31350..323AF; 323B0..3347F"
"52","Hano","Hanunoo","ハヌノオ","21","Noto Sans Hanunoo","Noto Sans Hanunoo","family_directory_identified","","NO","1720..173F"
"53","Hatr","Hatran","ハトラ","26","Noto Sans Hatran","Noto Sans Hatran","family_directory_identified","","NO","108E0..108FF"
"54","Hebr","Hebrew","ヘブライ","136","Noto Sans Hebrew","Noto Sans Hebrew; Noto Serif Hebrew","family_directory_identified","","NO","0590..05FF; FB00..FB4F"
"55","Hira","Hiragana","ひらがな","382","Noto Sans CJK JP","Noto Sans CJK JP","cjk_font_repository_identified","Noto Sans JP","NO","3040..309F; 1B000..1B0FF; 1B100..1B12F"
"56","Hluw","Anatolian Hieroglyphs","アナトリア象形文字","583","Noto Sans Anatolian Hieroglyphs","Noto Sans Anatolian Hieroglyphs","family_directory_identified","","NO","14400..1467F"
"57","Hmng","Pahawh Hmong","パハウ・フモン","127","Noto Sans Pahawh Hmong","Noto Sans Pahawh Hmong","family_directory_identified","","NO","16B00..16B8F"
"58","Hmnp","Nyiakeng Puachue Hmong","ニャケン・プアチュエ・フモン","71","Noto Serif Nyiakeng Puachue Hmong","Noto Serif Nyiakeng Puachue Hmong","family_directory_identified","","NO","1E100..1E14F"
"59","Hung","Old Hungarian","古ハンガリー","108","Noto Sans Old Hungarian","Noto Sans Old Hungarian","family_directory_identified","","NO","10C80..10CFF"
"60","Ital","Old Italic","古イタリア","39","Noto Sans Old Italic","Noto Sans Old Italic","family_directory_identified","","NO","10300..1032F"
"61","Java","Javanese","ジャワ","90","Noto Sans Javanese","Noto Sans Javanese","family_directory_identified","","NO","A980..A9DF"
"62","Jurc","Jurchen","女真","965","","","no_catalog_source_identified","","NO","18E00..1919F; 191A0..191DF"
"63","Kali","Kayah Li","カヤー・リー","47","Noto Sans Kayah Li","Noto Sans Kayah Li","family_directory_identified","","NO","A900..A92F"
"64","Kana","Katakana","カタカナ","327","Noto Sans CJK JP","Noto Sans CJK JP","cjk_font_repository_identified","Noto Sans JP","NO","30A0..30FF; 31F0..31FF; 1AFF0..1AFFF; 1B130..1B16F"
"65","Kawi","Kawi","カウィ","87","Noto Sans Kawi","Noto Sans Kawi","project_or_generic_candidate_only","","NO","11F00..11F5F"
"66","Khar","Kharoshthi","カローシュティー","68","Noto Sans Kharoshthi","Noto Sans Kharoshthi","family_directory_identified","","NO","10A00..10A5F"
"67","Khmr","Khmer","クメール","146","Noto Sans Khmer","Noto Sans Khmer; Noto Serif Khmer","family_directory_identified","","NO","1780..17FF; 19E0..19FF"
"68","Khoj","Khojki","コージキー","65","Noto Sans Khojki","Noto Sans Khojki; Noto Serif Khojki","family_directory_identified","","NO","11200..1124F"
"69","Kits","Khitan Small Script","契丹小字","477","Noto Khitan Small Script","Noto Khitan Small Script","project_or_generic_candidate_only","","NO","18B00..18CFF"
"70","Knda","Kannada","カンナダ","92","Noto Sans Kannada","Noto Sans Kannada; Noto Serif Kannada","family_directory_identified","","NO","0C80..0CFF"
"71","Krai","Kirat Rai","キラット・ライ","58","Kanchenjunga","Kanchenjunga","specialist_font_source_identified","","NO","16D40..16D7F"
"72","Kthi","Kaithi","カイティー","68","Noto Sans Kaithi","Noto Sans Kaithi","family_directory_identified","","NO","11080..110CF"
"73","Lana","Tai Tham","タイ・タム","127","Noto Sans Tai Tham","Noto Sans Tai Tham","family_directory_identified","","NO","1A20..1AAF"
"74","Laoo","Lao","ラオ","83","Noto Sans Lao","Noto Sans Lao; Noto Serif Lao","family_directory_identified","","NO","0E80..0EFF"
"75","Latn","Latin","ラテン","1653","Noto Sans","Noto Sans; Noto Serif","family_directory_identified","Noto Sans Phonetics","NO","0000..007F; 0080..00FF; 0100..017F; 0180..024F; 0250..02AF; 1D00..1D7F; 1D80..1DBF; 1E00..1EFF; 2150..218F; 2C60..2C7F; A720..A7FF; AB30..AB6F; 10780..107BF; 1DF00..1DFFF"
"76","Lepc","Lepcha","レプチャ","74","Noto Sans Lepcha","Noto Sans Lepcha","family_directory_identified","","NO","1C00..1C4F"
"77","Limb","Limbu","リンブ","68","Noto Sans Limbu","Noto Sans Limbu","family_directory_identified","","NO","1900..194F"
"78","Lina","Linear A","線文字A","341","Noto Sans Linear A","Noto Sans Linear A","family_directory_identified","","NO","10600..1077F"
"79","Linb","Linear B","線文字B","211","Noto Sans Linear B","Noto Sans Linear B","family_directory_identified","","NO","10000..1007F; 10080..100FF"
"80","Lisu","Lisu","リス","49","Noto Sans Lisu","Noto Sans Lisu","family_directory_identified","","NO","A4D0..A4FF; 11FB0..11FBF"
"81","Lyci","Lycian","リュキア","29","Noto Sans Lycian","Noto Sans Lycian","family_directory_identified","","NO","10280..1029F"
"82","Lydi","Lydian","リュディア","27","Noto Sans Lydian","Noto Sans Lydian","family_directory_identified","","NO","10920..1093F"
"83","Mahj","Mahajani","マハージャニー","39","Noto Sans Mahajani","Noto Sans Mahajani","family_directory_identified","","NO","11150..1117F"
"84","Maka","Makasar","マカッサル","25","Noto Serif Makasar","Noto Serif Makasar","family_directory_identified","","NO","11EE0..11EFF"
"85","Mand","Mandaic","マンダ","29","Noto Sans Mandaic","Noto Sans Mandaic","family_directory_identified","","NO","0840..085F"
"86","Mani","Manichaean","マニ","51","Noto Sans Manichaean","Noto Sans Manichaean","family_directory_identified","","NO","10AC0..10AFF"
"87","Marc","Marchen","マルチェン","68","Noto Sans Marchen","Noto Sans Marchen","family_directory_identified","","NO","11C70..11CBF"
"88","Medf","Medefaidrin","メデファイドリン","91","Noto Sans Medefaidrin","Noto Sans Medefaidrin","family_directory_identified","","NO","16E40..16E9F"
"89","Mend","Mende Kikakui","メンデ・キカクイ","213","Noto Sans Mende Kikakui","Noto Sans Mende Kikakui","family_directory_identified","","NO","1E800..1E8DF"
"90","Merc","Meroitic Cursive","メロエ草書体","90","Noto Sans Meroitic","Noto Sans Meroitic","family_directory_identified","","NO","109A0..109FF"
"91","Mero","Meroitic Hieroglyphs","メロエ聖刻文字","32","Noto Sans Meroitic","Noto Sans Meroitic","family_directory_identified","","NO","10980..1099F"
"92","Mlym","Malayalam","マラヤーラム","118","Noto Sans Malayalam","Noto Sans Malayalam; Noto Serif Malayalam","family_directory_identified","","NO","0D00..0D7F"
"93","Modi","Modi","モーディー","79","Noto Sans Modi","Noto Sans Modi","family_directory_identified","","NO","11600..1165F"
"94","Mong","Mongolian","モンゴル","168","Noto Sans Mongolian","Noto Sans Mongolian","family_directory_identified","","NO","1800..18AF; 11660..1167F"
"95","Mroo","Mro","ムロ","43","Noto Sans Mro","Noto Sans Mro","family_directory_identified","","NO","16A40..16A6F"
"96","Mtei","Meetei Mayek","メイテイ・マイェク","79","Noto Sans Meetei Mayek","Noto Sans Meetei Mayek","family_directory_identified","","NO","AAE0..AAFF; ABC0..ABFF"
"97","Mult","Multani","ムルターニー","38","Noto Sans Multani","Noto Sans Multani","family_directory_identified","","NO","11280..112AF"
"98","Mymr","Myanmar","ミャンマー","243","Noto Sans Myanmar","Noto Sans Myanmar; Noto Serif Myanmar","family_directory_identified","","NO","1000..109F; A9E0..A9FF; AA60..AA7F; 116D0..116FF"
"99","Nagm","Nag Mundari","ナグ・ムンダリ","42","Noto Sans Nag Mundari","Noto Sans Nag Mundari","project_or_generic_candidate_only","","NO","1E4D0..1E4FF"
"100","Nand","Nandinagari","ナンディナーガリー","65","Noto Sans Nandinagari","Noto Sans Nandinagari","family_directory_identified","","NO","119A0..119FF"
"101","Narb","Old North Arabian","古代北アラビア","32","Noto Sans Old North Arabian","Noto Sans Old North Arabian","family_directory_identified","","NO","10A80..10A9F"
"102","Nbat","Nabataean","ナバテア","40","Noto Sans Nabataean","Noto Sans Nabataean","family_directory_identified","","NO","10880..108AF"
"103","Newa","Newa","ネワ","97","Noto Sans Newa","Noto Sans Newa","family_directory_identified","","NO","11400..1147F"
"104","Nkoo","Nko","ンコ","62","Noto Sans NKo","Noto Sans NKo","family_directory_identified","","NO","07C0..07FF"
"105","Nshu","Nushu","女書","397","Noto Sans Nushu","Noto Sans Nushu; Noto Traditional Nushu","family_directory_identified","","NO","1B170..1B2FF"
"106","Ogam","Ogham","オガム","29","Noto Sans Ogham","Noto Sans Ogham","family_directory_identified","","NO","1680..169F"
"107","Olck","Ol Chiki","オル・チキ","48","Noto Sans Ol Chiki","Noto Sans Ol Chiki","family_directory_identified","","NO","1C50..1C7F"
"108","Onao","Ol Onal","オル・オナル","44","Noto Sans Ol Onal","Noto Sans Ol Onal","project_or_generic_candidate_only","","NO","1E5D0..1E5FF"
"109","Orkh","Old Turkic","古代テュルク","73","Noto Sans Old Turkic","Noto Sans Old Turkic","family_directory_identified","","NO","10C00..10C4F"
"110","Orya","Oriya","オリヤ","93","Noto Sans Oriya","Noto Sans Oriya; Noto Serif Oriya","family_directory_identified","","NO","0B00..0B7F"
"111","Osge","Osage","オセージ","72","Noto Sans Osage","Noto Sans Osage","family_directory_identified","","NO","104B0..104FF"
"112","Osma","Osmanya","オスマニヤ","40","Noto Sans Osmanya","Noto Sans Osmanya","family_directory_identified","","NO","10480..104AF"
"113","Ougr","Old Uyghur","古ウイグル","26","Noto Serif Old Uyghur","Noto Serif Old Uyghur","family_directory_identified","","NO","10F70..10FAF"
"114","Palm","Palmyrene","パルミラ","32","Noto Sans Palmyrene","Noto Sans Palmyrene","family_directory_identified","","NO","10860..1087F"
"115","Pauc","Pau Cin Hau","パウ・チン・ハウ","57","Noto Sans Pau Cin Hau","Noto Sans Pau Cin Hau","family_directory_identified","","NO","11AC0..11AFF"
"116","Pcun","Proto Cuneiform","原楔形文字","164","PCSL (proposal font)","PCSL (proposal font)","proposal_reference_only","","NO","12550..1268F"
"117","Perm","Old Permic","古ペルム","43","Noto Sans Old Permic","Noto Sans Old Permic","family_directory_identified","","NO","10350..1037F"
"118","Phag","Phags Pa","パスパ","56","Noto Sans Phags Pa","Noto Sans Phags Pa","family_directory_identified","","NO","A840..A87F"
"119","Phli","Inscriptional Pahlavi","碑文パフラヴィー","27","Noto Sans Inscriptional Pahlavi","Noto Sans Inscriptional Pahlavi","family_directory_identified","","NO","10B60..10B7F"
"120","Phlp","Psalter Pahlavi","詩篇パフラヴィー","29","Noto Sans Psalter Pahlavi","Noto Sans Psalter Pahlavi","family_directory_identified","","NO","10B80..10BAF"
"121","Phnx","Phoenician","フェニキア","29","Noto Sans Phoenician","Noto Sans Phoenician","family_directory_identified","","NO","10900..1091F"
"122","Plrd","Miao","ミャオ","149","Noto Sans Miao","Noto Sans Miao","family_directory_identified","","NO","16F00..16F9F"
"123","Prti","Inscriptional Parthian","碑文パルティア","30","Noto Sans Inscriptional Parthian","Noto Sans Inscriptional Parthian","family_directory_identified","","NO","10B40..10B5F"
"124","Rjng","Rejang","レジャン","37","Noto Sans Rejang","Noto Sans Rejang","family_directory_identified","","NO","A930..A95F"
"125","Rohg","Hanifi Rohingya","ハニーフィー・ロヒンギャ","50","Noto Sans Hanifi Rohingya","Noto Sans Hanifi Rohingya","family_directory_identified","","NO","10D00..10D3F"
"126","Runr","Runic","ルーン","86","Noto Sans Runic","Noto Sans Runic","family_directory_identified","","NO","16A0..16FF"
"127","Samr","Samaritan","サマリア","61","Noto Sans Samaritan","Noto Sans Samaritan","family_directory_identified","","NO","0800..083F"
"128","Sarb","Old South Arabian","古代南アラビア","32","Noto Sans Old South Arabian","Noto Sans Old South Arabian","family_directory_identified","","NO","10A60..10A7F"
"129","Saur","Saurashtra","サウラーシュトラ","82","Noto Sans Saurashtra","Noto Sans Saurashtra","family_directory_identified","","NO","A880..A8DF"
"130","Seal","Seal","篆書・小篆","11328","Kaiyuan Small Seal","Kaiyuan Small Seal; LXGW Seal","font_binary_exists_cmap_unchecked","","NO","3D000..3FC3F"
"131","Sgnw","SignWriting","サットン手話表記","672","Noto Sans Sign Writing","Noto Sans Sign Writing","family_directory_identified","","NO","1D800..1DAAF"
"132","Shaw","Shavian","ショー","48","Noto Sans Shavian","Noto Sans Shavian","family_directory_identified","","NO","10450..1047F"
"133","Shrd","Sharada","シャーラダー","104","Noto Sans Sharada","Noto Sans Sharada","family_directory_identified","","NO","11180..111DF; 11B60..11B7F"
"134","Sidd","Siddham","悉曇","92","Noto Sans Siddham","Noto Sans Siddham","family_directory_identified","","NO","11580..115FF"
"135","Sidt","Sidetic","シデ","26","","","no_catalog_source_identified","","NO","10940..1095F"
"136","Sind","Khudawadi","クダワディ","69","Noto Sans Khudawadi","Noto Sans Khudawadi","family_directory_identified","","NO","112B0..112FF"
"137","Sinh","Sinhala","シンハラ","111","Noto Sans Sinhala","Noto Sans Sinhala; Noto Serif Sinhala","family_directory_identified","","NO","0D80..0DFF; 111E0..111FF"
"138","Sogd","Sogdian","ソグド","42","Noto Sans Sogdian","Noto Sans Sogdian","family_directory_identified","","NO","10F30..10F6F"
"139","Sogo","Old Sogdian","古ソグド","40","Noto Sans Old Sogdian","Noto Sans Old Sogdian","family_directory_identified","","NO","10F00..10F2F"
"140","Sora","Sora Sompeng","ソラ・ソンペン","35","Noto Sans Sora Sompeng","Noto Sans Sora Sompeng","family_directory_identified","","NO","110D0..110FF"
"141","Soyo","Soyombo","ソヨンボ","83","Noto Sans Soyombo","Noto Sans Soyombo","family_directory_identified","","NO","11A50..11AAF"
"142","Sund","Sundanese","スンダ","72","Noto Sans Sundanese","Noto Sans Sundanese","family_directory_identified","","NO","1B80..1BBF; 1CC0..1CCF"
"143","Sunu","Sunuwar","スヌワール","44","Sunuwar font project","Sunuwar font project","project_or_generic_candidate_only","","NO","11BC0..11BFF"
"144","Sylo","Syloti Nagri","シロティ・ナグリ","45","Noto Sans Syloti Nagri","Noto Sans Syloti Nagri","family_directory_identified","","NO","A800..A82F"
"145","Syrc","Syriac","シリア","88","Noto Sans Syriac","Noto Sans Syriac","family_directory_identified","","NO","0700..074F; 0860..086F"
"146","Tagb","Tagbanwa","タグバヌア","18","Noto Sans Tagbanwa","Noto Sans Tagbanwa","family_directory_identified","","NO","1760..177F"
"147","Takr","Takri","タークリー","68","Noto Sans Takri","Noto Sans Takri","family_directory_identified","","NO","11680..116CF"
"148","Tale","Tai Le","タイ・レー","35","Noto Sans Tai Le","Noto Sans Tai Le","family_directory_identified","","NO","1950..197F"
"149","Talu","New Tai Lue","新タイ・ルー","83","Noto Sans New Tai Lue","Noto Sans New Tai Lue","family_directory_identified","","NO","1980..19DF"
"150","Taml","Tamil","タミル","123","Noto Sans Tamil","Noto Sans Tamil; Noto Serif Tamil","family_directory_identified","","NO","0B80..0BFF; 11FC0..11FFF"
"151","Tang","Tangut","西夏","7061","Noto Serif Tangut","Noto Serif Tangut","family_directory_identified","","NO","17000..187FF; 18800..18AFF; 18D00..18D7F; 18D80..18DFF"
"152","Tavt","Tai Viet","タイ・ヴィエト","72","Noto Sans Tai Viet","Noto Sans Tai Viet","family_directory_identified","","NO","AA80..AADF"
"153","Tayo","Tai Yo","タイ・ヨー","55","","","no_catalog_source_identified","","NO","1E6C0..1E6FF"
"154","Telu","Telugu","テルグ","101","Noto Sans Telugu","Noto Sans Telugu; Noto Serif Telugu","family_directory_identified","","NO","0C00..0C7F"
"155","Tfng","Tifinagh","ティフィナグ","59","Noto Sans Tifinagh","Noto Sans Tifinagh","family_directory_identified","","NO","2D30..2D7F"
"156","Tglg","Tagalog","タガログ","23","Noto Sans Tagalog","Noto Sans Tagalog","family_directory_identified","","NO","1700..171F"
"157","Thaa","Thaana","ターナ","50","Noto Sans Thaana","Noto Sans Thaana","family_directory_identified","","NO","0780..07BF"
"158","Thai","Thai","タイ","86","Noto Sans Thai","Noto Sans Thai; Noto Serif Thai","family_directory_identified","","NO","0E00..0E7F"
"159","Tibt","Tibetan","チベット","207","Noto Serif Tibetan","Noto Serif Tibetan","family_directory_identified","","NO","0F00..0FFF"
"160","Tirh","Tirhuta","ティルフター","82","Noto Sans Tirhuta","Noto Sans Tirhuta","family_directory_identified","","NO","11480..114DF"
"161","Tnsa","Tangsa","タンサ","89","Noto Sans Tangsa","Noto Sans Tangsa","family_directory_identified","","NO","16A70..16ACF"
"162","Todr","Todhri","トドリ","52","Noto Todhri","Noto Todhri","project_or_generic_candidate_only","","NO","105C0..105FF"
"163","Tols","Tolong Siki","トロン・シキ","54","","","no_catalog_source_identified","","NO","11DB0..11DEF"
"164","Toto","Toto","トト","31","Noto Serif Toto","Noto Serif Toto","family_directory_identified","","NO","1E290..1E2BF"
"165","Tutg","Tulu Tigalari","トゥル・ティガラリ","80","","","no_catalog_source_identified","","NO","11380..113FF"
"166","Ugar","Ugaritic","ウガリト","31","Noto Sans Ugaritic","Noto Sans Ugaritic","family_directory_identified","","NO","10380..1039F"
"167","Vaii","Vai","ヴァイ","300","Noto Sans Vai","Noto Sans Vai","family_directory_identified","","NO","A500..A63F"
"168","Vith","Vithkuqi","ヴィトクチ","70","Noto Sans Vithkuqi","Noto Sans Vithkuqi; Noto Serif Vithkuqi","family_directory_identified","","NO","10570..105BF"
"169","Wara","Warang Citi","ワラン・チティ","84","Noto Sans Warang Citi","Noto Sans Warang Citi","family_directory_identified","","NO","118A0..118FF"
"170","Wcho","Wancho","ワンチョ","59","Noto Sans Wancho","Noto Sans Wancho","family_directory_identified","","NO","1E2C0..1E2FF"
"171","Xpeo","Old Persian","古代ペルシア楔形","50","Noto Sans Old Persian","Noto Sans Old Persian","family_directory_identified","","NO","103A0..103DF"
"172","Xsux","Cuneiform","楔形文字","1393","Noto Sans Cuneiform","Noto Sans Cuneiform","family_directory_identified","Noto Music","NO","12000..123FF; 12400..1247F; 12480..1254F"
"173","Yezi","Yezidi","ヤズィーディー","47","Noto Serif Yezidi","Noto Serif Yezidi","family_directory_identified","","NO","10E80..10EBF"
"174","Yiii","Yi","イ","1220","Noto Sans Yi","Noto Sans Yi","family_directory_identified","","NO","A000..A48F; A490..A4CF"
"175","Zanb","Zanabazar Square","ザナバザル・スクエア","72","Noto Sans Zanabazar Square","Noto Sans Zanabazar Square","family_directory_identified","","NO","11A00..11A4F"
