No,Script,日本語名,主要・関連ブロック範囲（16進数）,主要・関連ブロック数,未割当数（主要・関連）,未割当区間（主要・関連）,共用ブロック範囲（参考）,共用ブロック数,注意,Blocks.txt,DerivedAge.txt
1,Adlm,アドラム,1E900–1E95F,1,8,1E900–1E95F: 1E94C–1E94F / 1E95A–1E95D,,0,ブロック単位の未割当。Scriptに未割当自体の所属はない。,https://www.unicode.org/Public/18.0.0/ucd/Blocks.txt,https://www.unicode.org/Public/18.0.0/ucd/DerivedAge.txt
2,Aghb,カフカス・アルバニア,10530–1056F,1,11,10530–1056F: 10564–1056E,,0,ブロック単位の未割当。Scriptに未割当自体の所属はない。,https://www.unicode.org/Public/18.0.0/ucd/Blocks.txt,https://www.unicode.org/Public/18.0.0/ucd/DerivedAge.txt
3,Ahom,アホム,11700–1174F,1,15,11700–1174F: 1171B–1171C / 1172C–1172F / 11747–1174F,,0,ブロック単位の未割当。Scriptに未割当自体の所属はない。,https://www.unicode.org/Public/18.0.0/ucd/Blocks.txt,https://www.unicode.org/Public/18.0.0/ucd/DerivedAge.txt
4,Arab,アラビア,0600–06FF / 0750–077F / 0870–089F / 08A0–08FF / FB50–FDFF / FE70–FEFF / 10E60–10E7F / 10EC0–10EFF / 1EE00–1EEFF,9,126,0600–06FF: なし; 0750–077F: なし; 0870–089F: 0892–0896; 08A0–08FF: なし; FB50–FDFF: なし; FE70–FEFF: FE75 / FEFD–FEFE; 10E60–10E7F: 10E7F; 10EC0–10EFF: 10EC0–10EC1 / 10EC8 / 10EEF; 1EE00–1EEFF: 1EE04 / 1EE20 / 1EE23 / 1EE25–1EE26 / 1EE28 / 1EE33 / 1EE38 / 1EE3A / 1EE3C–1EE41 / 1EE43–1EE46 / 1EE48 / 1EE4A / 1EE4C / 1EE50 / 1EE53 / 1EE55–1EE56 / 1EE58 / 1EE5A / 1EE5C / 1EE5E / 1EE60 / 1EE63 / 1EE65–1EE66 / 1EE6B / 1EE73 / 1EE78 / 1EE7D / 1EE7F / 1EE8A / 1EE9C–1EEA0 / 1EEA4 / 1EEAA / 1EEBC–1EEEF / 1EEF2–1EEFF,,0,ブロック単位の未割当。Scriptに未割当自体の所属はない。,https://www.unicode.org/Public/18.0.0/ucd/Blocks.txt,https://www.unicode.org/Public/18.0.0/ucd/DerivedAge.txt
5,Armi,帝国アラム,10840–1085F,1,1,10840–1085F: 10856,,0,ブロック単位の未割当。Scriptに未割当自体の所属はない。,https://www.unicode.org/Public/18.0.0/ucd/Blocks.txt,https://www.unicode.org/Public/18.0.0/ucd/DerivedAge.txt
6,Armn,アルメニア,0530–058F,1,2,0530–058F: 0530 / 0557,FB00–FB4F,1,ブロック単位の未割当。Scriptに未割当自体の所属はない。,https://www.unicode.org/Public/18.0.0/ucd/Blocks.txt,https://www.unicode.org/Public/18.0.0/ucd/DerivedAge.txt
7,Avst,アヴェスター,10B00–10B3F,1,3,10B00–10B3F: 10B36–10B38,,0,ブロック単位の未割当。Scriptに未割当自体の所属はない。,https://www.unicode.org/Public/18.0.0/ucd/Blocks.txt,https://www.unicode.org/Public/18.0.0/ucd/DerivedAge.txt
8,Bali,バリ,1B00–1B7F,1,1,1B00–1B7F: 1B4D,,0,ブロック単位の未割当。Scriptに未割当自体の所属はない。,https://www.unicode.org/Public/18.0.0/ucd/Blocks.txt,https://www.unicode.org/Public/18.0.0/ucd/DerivedAge.txt
9,Bamu,バムン,A6A0–A6FF / 16800–16A3F,2,15,A6A0–A6FF: A6F8–A6FF; 16800–16A3F: 16A39–16A3F,,0,ブロック単位の未割当。Scriptに未割当自体の所属はない。,https://www.unicode.org/Public/18.0.0/ucd/Blocks.txt,https://www.unicode.org/Public/18.0.0/ucd/DerivedAge.txt
10,Bass,バッサ・ヴァー,16AD0–16AFF,1,12,16AD0–16AFF: 16AEE–16AEF / 16AF6–16AFF,,0,ブロック単位の未割当。Scriptに未割当自体の所属はない。,https://www.unicode.org/Public/18.0.0/ucd/Blocks.txt,https://www.unicode.org/Public/18.0.0/ucd/DerivedAge.txt
11,Batk,バタク,1BC0–1BFF,1,8,1BC0–1BFF: 1BF4–1BFB,,0,ブロック単位の未割当。Scriptに未割当自体の所属はない。,https://www.unicode.org/Public/18.0.0/ucd/Blocks.txt,https://www.unicode.org/Public/18.0.0/ucd/DerivedAge.txt
12,Beng,ベンガル,0980–09FF / 11DF0–11DFF,2,46,0980–09FF: 0984 / 098D–098E / 0991–0992 / 09A9 / 09B1 / 09B3–09B5 / 09BA–09BB / 09C5–09C6 / 09C9–09CA / 09CF–09D6 / 09D8–09DB / 09DE / 09E4–09E5 / 09FF; 11DF0–11DFF: 11DF2–11DFF,,0,ブロック単位の未割当。Scriptに未割当自体の所属はない。,https://www.unicode.org/Public/18.0.0/ucd/Blocks.txt,https://www.unicode.org/Public/18.0.0/ucd/DerivedAge.txt
13,Berf,ベリア・エルフェ,16EA0–16EDF,1,14,16EA0–16EDF: 16EB9–16EBA / 16ED4–16EDF,,0,ブロック単位の未割当。Scriptに未割当自体の所属はない。,https://www.unicode.org/Public/18.0.0/ucd/Blocks.txt,https://www.unicode.org/Public/18.0.0/ucd/DerivedAge.txt
14,Bhks,バイクシュキー,11C00–11C6F,1,15,11C00–11C6F: 11C09 / 11C37 / 11C46–11C4F / 11C6D–11C6F,,0,ブロック単位の未割当。Scriptに未割当自体の所属はない。,https://www.unicode.org/Public/18.0.0/ucd/Blocks.txt,https://www.unicode.org/Public/18.0.0/ucd/DerivedAge.txt
15,Bopo,注音字母,3100–312F / 31A0–31BF,2,5,3100–312F: 3100–3104; 31A0–31BF: なし,,0,ブロック単位の未割当。Scriptに未割当自体の所属はない。,https://www.unicode.org/Public/18.0.0/ucd/Blocks.txt,https://www.unicode.org/Public/18.0.0/ucd/DerivedAge.txt
16,Brah,ブラーフミー,11000–1107F,1,13,11000–1107F: 1104E–11051 / 11076–1107E,,0,ブロック単位の未割当。Scriptに未割当自体の所属はない。,https://www.unicode.org/Public/18.0.0/ucd/Blocks.txt,https://www.unicode.org/Public/18.0.0/ucd/DerivedAge.txt
17,Brai,点字,2800–28FF,1,0,2800–28FF: なし,,0,ブロック単位の未割当。Scriptに未割当自体の所属はない。,https://www.unicode.org/Public/18.0.0/ucd/Blocks.txt,https://www.unicode.org/Public/18.0.0/ucd/DerivedAge.txt
18,Bugi,ブギス,1A00–1A1F,1,2,1A00–1A1F: 1A1C–1A1D,,0,ブロック単位の未割当。Scriptに未割当自体の所属はない。,https://www.unicode.org/Public/18.0.0/ucd/Blocks.txt,https://www.unicode.org/Public/18.0.0/ucd/DerivedAge.txt
19,Buhd,ブヒッド,1740–175F,1,12,1740–175F: 1754–175F,,0,ブロック単位の未割当。Scriptに未割当自体の所属はない。,https://www.unicode.org/Public/18.0.0/ucd/Blocks.txt,https://www.unicode.org/Public/18.0.0/ucd/DerivedAge.txt
20,Cakm,チャクマ,11100–1114F,1,9,11100–1114F: 11135 / 11148–1114F,,0,ブロック単位の未割当。Scriptに未割当自体の所属はない。,https://www.unicode.org/Public/18.0.0/ucd/Blocks.txt,https://www.unicode.org/Public/18.0.0/ucd/DerivedAge.txt
21,Cans,カナダ先住民音節文字,1400–167F / 18B0–18FF / 11AB0–11ABF,3,10,1400–167F: なし; 18B0–18FF: 18F6–18FF; 11AB0–11ABF: なし,,0,ブロック単位の未割当。Scriptに未割当自体の所属はない。,https://www.unicode.org/Public/18.0.0/ucd/Blocks.txt,https://www.unicode.org/Public/18.0.0/ucd/DerivedAge.txt
22,Cari,カリア,102A0–102DF,1,15,102A0–102DF: 102D1–102DF,,0,ブロック単位の未割当。Scriptに未割当自体の所属はない。,https://www.unicode.org/Public/18.0.0/ucd/Blocks.txt,https://www.unicode.org/Public/18.0.0/ucd/DerivedAge.txt
23,Cham,チャム,AA00–AA5F,1,13,AA00–AA5F: AA37–AA3F / AA4E–AA4F / AA5A–AA5B,,0,ブロック単位の未割当。Scriptに未割当自体の所属はない。,https://www.unicode.org/Public/18.0.0/ucd/Blocks.txt,https://www.unicode.org/Public/18.0.0/ucd/DerivedAge.txt
24,Cher,チェロキー,13A0–13FF / AB70–ABBF,2,4,13A0–13FF: 13F6–13F7 / 13FE–13FF; AB70–ABBF: なし,,0,ブロック単位の未割当。Scriptに未割当自体の所属はない。,https://www.unicode.org/Public/18.0.0/ucd/Blocks.txt,https://www.unicode.org/Public/18.0.0/ucd/DerivedAge.txt
25,Chrs,ホラズム,10FB0–10FDF,1,20,10FB0–10FDF: 10FCC–10FDF,,0,ブロック単位の未割当。Scriptに未割当自体の所属はない。,https://www.unicode.org/Public/18.0.0/ucd/Blocks.txt,https://www.unicode.org/Public/18.0.0/ucd/DerivedAge.txt
26,Copt,コプト,2C80–2CFF / 102E0–102FF,2,9,2C80–2CFF: 2CF4–2CF8; 102E0–102FF: 102FC–102FF,0370–03FF,1,ブロック単位の未割当。Scriptに未割当自体の所属はない。,https://www.unicode.org/Public/18.0.0/ucd/Blocks.txt,https://www.unicode.org/Public/18.0.0/ucd/DerivedAge.txt
27,Cpmn,キプロ・ミノア,12F90–12FFF,1,13,12F90–12FFF: 12FF3–12FFF,,0,ブロック単位の未割当。Scriptに未割当自体の所属はない。,https://www.unicode.org/Public/18.0.0/ucd/Blocks.txt,https://www.unicode.org/Public/18.0.0/ucd/DerivedAge.txt
28,Cprt,キプロス音節文字,10800–1083F,1,9,10800–1083F: 10806–10807 / 10809 / 10836 / 10839–1083B / 1083D–1083E,,0,ブロック単位の未割当。Scriptに未割当自体の所属はない。,https://www.unicode.org/Public/18.0.0/ucd/Blocks.txt,https://www.unicode.org/Public/18.0.0/ucd/DerivedAge.txt
29,Cyrl,キリル,0400–04FF / 0500–052F / 1C80–1C8F / 2DE0–2DFF / A640–A69F / 1E030–1E08F,6,38,0400–04FF: なし; 0500–052F: なし; 1C80–1C8F: 1C8B–1C8F; 2DE0–2DFF: なし; A640–A69F: なし; 1E030–1E08F: 1E06E–1E08E,,0,ブロック単位の未割当。Scriptに未割当自体の所属はない。,https://www.unicode.org/Public/18.0.0/ucd/Blocks.txt,https://www.unicode.org/Public/18.0.0/ucd/DerivedAge.txt
30,Deva,デーヴァナーガリー,0900–097F / A8E0–A8FF / 11B00–11B5F,3,85,0900–097F: なし; A8E0–A8FF: なし; 11B00–11B5F: 11B0B–11B5F,,0,ブロック単位の未割当。Scriptに未割当自体の所属はない。,https://www.unicode.org/Public/18.0.0/ucd/Blocks.txt,https://www.unicode.org/Public/18.0.0/ucd/DerivedAge.txt
31,Diak,ディヴェス・アクル,11900–1195F,1,24,11900–1195F: 11907–11908 / 1190A–1190B / 11914 / 11917 / 11936 / 11939–1193A / 11947–1194F / 1195A–1195F,,0,ブロック単位の未割当。Scriptに未割当自体の所属はない。,https://www.unicode.org/Public/18.0.0/ucd/Blocks.txt,https://www.unicode.org/Public/18.0.0/ucd/DerivedAge.txt
32,Dogr,ドーグラー,11800–1184F,1,20,11800–1184F: 1183C–1184F,,0,ブロック単位の未割当。Scriptに未割当自体の所属はない。,https://www.unicode.org/Public/18.0.0/ucd/Blocks.txt,https://www.unicode.org/Public/18.0.0/ucd/DerivedAge.txt
33,Dsrt,デザレット,10400–1044F,1,0,10400–1044F: なし,,0,ブロック単位の未割当。Scriptに未割当自体の所属はない。,https://www.unicode.org/Public/18.0.0/ucd/Blocks.txt,https://www.unicode.org/Public/18.0.0/ucd/DerivedAge.txt
34,Dupl,デュプロワ式速記,1BC00–1BC9F / 1BCA0–1BCAF,2,29,1BC00–1BC9F: 1BC6B–1BC6F / 1BC7D–1BC7F / 1BC89–1BC8F / 1BC9A–1BC9B; 1BCA0–1BCAF: 1BCA4–1BCAF,,0,ブロック単位の未割当。Scriptに未割当自体の所属はない。,https://www.unicode.org/Public/18.0.0/ucd/Blocks.txt,https://www.unicode.org/Public/18.0.0/ucd/DerivedAge.txt
35,Egyp,エジプト聖刻文字,13000–1342F / 13430–1345F / 13460–143FF,3,15,13000–1342F: なし; 13430–1345F: 13456–1345F; 13460–143FF: 143FB–143FF,,0,ブロック単位の未割当。Scriptに未割当自体の所属はない。,https://www.unicode.org/Public/18.0.0/ucd/Blocks.txt,https://www.unicode.org/Public/18.0.0/ucd/DerivedAge.txt
36,Elba,エルバサン,10500–1052F,1,8,10500–1052F: 10528–1052F,,0,ブロック単位の未割当。Scriptに未割当自体の所属はない。,https://www.unicode.org/Public/18.0.0/ucd/Blocks.txt,https://www.unicode.org/Public/18.0.0/ucd/DerivedAge.txt
37,Elym,エリマイス,10FE0–10FFF,1,9,10FE0–10FFF: 10FF7–10FFF,,0,ブロック単位の未割当。Scriptに未割当自体の所属はない。,https://www.unicode.org/Public/18.0.0/ucd/Blocks.txt,https://www.unicode.org/Public/18.0.0/ucd/DerivedAge.txt
38,Ethi,エチオピア,1200–137F / 1380–139F / 2D80–2DDF / AB00–AB2F / 1E7E0–1E7FF,5,69,1200–137F: 1249 / 124E–124F / 1257 / 1259 / 125E–125F / 1289 / 128E–128F / 12B1 / 12B6–12B7 / 12BF / 12C1 / 12C6–12C7 / 12D7 / 1311 / 1316–1317 / 135B–135C / 137D–137F; 1380–139F: 139A–139F; 2D80–2DDF: 2D97–2D9F / 2DA7 / 2DAF / 2DB7 / 2DBF / 2DC7 / 2DCF / 2DD7 / 2DDF; AB00–AB2F: AB00 / AB07–AB08 / AB0F–AB10 / AB17–AB1F / AB27 / AB2F; 1E7E0–1E7FF: 1E7E7 / 1E7EC / 1E7EF / 1E7FF,,0,ブロック単位の未割当。Scriptに未割当自体の所属はない。,https://www.unicode.org/Public/18.0.0/ucd/Blocks.txt,https://www.unicode.org/Public/18.0.0/ucd/DerivedAge.txt
39,Gara,ガライ,10D40–10D8F,1,11,10D40–10D8F: 10D66–10D68 / 10D86–10D8D,,0,ブロック単位の未割当。Scriptに未割当自体の所属はない。,https://www.unicode.org/Public/18.0.0/ucd/Blocks.txt,https://www.unicode.org/Public/18.0.0/ucd/DerivedAge.txt
40,Geor,ジョージア,10A0–10FF / 1C90–1CBF / 2D00–2D2F,3,18,10A0–10FF: 10C6 / 10C8–10CC / 10CE–10CF; 1C90–1CBF: 1CBB–1CBC; 2D00–2D2F: 2D26 / 2D28–2D2C / 2D2E–2D2F,,0,ブロック単位の未割当。Scriptに未割当自体の所属はない。,https://www.unicode.org/Public/18.0.0/ucd/Blocks.txt,https://www.unicode.org/Public/18.0.0/ucd/DerivedAge.txt
41,Glag,グラゴル,2C00–2C5F / 1E000–1E02F,2,10,2C00–2C5F: なし; 1E000–1E02F: 1E007 / 1E019–1E01A / 1E022 / 1E025 / 1E02B–1E02F,,0,ブロック単位の未割当。Scriptに未割当自体の所属はない。,https://www.unicode.org/Public/18.0.0/ucd/Blocks.txt,https://www.unicode.org/Public/18.0.0/ucd/DerivedAge.txt
42,Gong,グンジャラ・ゴーンディ,11D60–11DAF,1,17,11D60–11DAF: 11D66 / 11D69 / 11D8F / 11D92 / 11D99–11D9F / 11DAA–11DAF,,0,ブロック単位の未割当。Scriptに未割当自体の所属はない。,https://www.unicode.org/Public/18.0.0/ucd/Blocks.txt,https://www.unicode.org/Public/18.0.0/ucd/DerivedAge.txt
43,Gonm,マサラム・ゴーンディ,11D00–11D5F,1,21,11D00–11D5F: 11D07 / 11D0A / 11D37–11D39 / 11D3B / 11D3E / 11D48–11D4F / 11D5A–11D5F,,0,ブロック単位の未割当。Scriptに未割当自体の所属はない。,https://www.unicode.org/Public/18.0.0/ucd/Blocks.txt,https://www.unicode.org/Public/18.0.0/ucd/DerivedAge.txt
44,Goth,ゴート,10330–1034F,1,5,10330–1034F: 1034B–1034F,,0,ブロック単位の未割当。Scriptに未割当自体の所属はない。,https://www.unicode.org/Public/18.0.0/ucd/Blocks.txt,https://www.unicode.org/Public/18.0.0/ucd/DerivedAge.txt
45,Gran,グランタ,11300–1137F,1,42,11300–1137F: 11304 / 1130D–1130E / 11311–11312 / 11329 / 11331 / 11334 / 1133A / 11345–11346 / 11349–1134A / 1134E–1134F / 11351–11356 / 11358–1135C / 11364–11365 / 1136D–1136F / 11375–1137F,,0,ブロック単位の未割当。Scriptに未割当自体の所属はない。,https://www.unicode.org/Public/18.0.0/ucd/Blocks.txt,https://www.unicode.org/Public/18.0.0/ucd/DerivedAge.txt
46,Grek,ギリシャ,0370–03FF / 1F00–1FFF / 10140–1018F / 1D200–1D24F,4,43,0370–03FF: 0378–0379 / 0380–0383 / 038B / 038D / 03A2; 1F00–1FFF: 1F16–1F17 / 1F1E–1F1F / 1F46–1F47 / 1F4E–1F4F / 1F58 / 1F5A / 1F5C / 1F5E / 1F7E–1F7F / 1FB5 / 1FC5 / 1FD4–1FD5 / 1FDC / 1FF0–1FF1 / 1FF5 / 1FFF; 10140–1018F: 1018F; 1D200–1D24F: 1D246–1D24F,1D00–1D7F,1,ブロック単位の未割当。Scriptに未割当自体の所属はない。,https://www.unicode.org/Public/18.0.0/ucd/Blocks.txt,https://www.unicode.org/Public/18.0.0/ucd/DerivedAge.txt
47,Gujr,グジャラート,0A80–0AFF,1,37,0A80–0AFF: 0A80 / 0A84 / 0A8E / 0A92 / 0AA9 / 0AB1 / 0AB4 / 0ABA–0ABB / 0AC6 / 0ACA / 0ACE–0ACF / 0AD1–0ADF / 0AE4–0AE5 / 0AF2–0AF8,,0,ブロック単位の未割当。Scriptに未割当自体の所属はない。,https://www.unicode.org/Public/18.0.0/ucd/Blocks.txt,https://www.unicode.org/Public/18.0.0/ucd/DerivedAge.txt
48,Gukh,グルン・ケマ,16100–1613F,1,6,16100–1613F: 1613A–1613F,,0,ブロック単位の未割当。Scriptに未割当自体の所属はない。,https://www.unicode.org/Public/18.0.0/ucd/Blocks.txt,https://www.unicode.org/Public/18.0.0/ucd/DerivedAge.txt
49,Guru,グルムキー,0A00–0A7F,1,48,0A00–0A7F: 0A00 / 0A04 / 0A0B–0A0E / 0A11–0A12 / 0A29 / 0A31 / 0A34 / 0A37 / 0A3A–0A3B / 0A3D / 0A43–0A46 / 0A49–0A4A / 0A4E–0A50 / 0A52–0A58 / 0A5D / 0A5F–0A65 / 0A77–0A7F,,0,ブロック単位の未割当。Scriptに未割当自体の所属はない。,https://www.unicode.org/Public/18.0.0/ucd/Blocks.txt,https://www.unicode.org/Public/18.0.0/ucd/DerivedAge.txt
50,Hang,ハングル,1100–11FF / 3130–318F / A960–A97F / AC00–D7AF / D7B0–D7FF,5,25,1100–11FF: なし; 3130–318F: 3130 / 318F; A960–A97F: A97D–A97F; AC00–D7AF: D7A4–D7AF; D7B0–D7FF: D7C7–D7CA / D7FC–D7FF,3200–32FF / FF00–FFEF,2,ブロック単位の未割当。Scriptに未割当自体の所属はない。,https://www.unicode.org/Public/18.0.0/ucd/Blocks.txt,https://www.unicode.org/Public/18.0.0/ucd/DerivedAge.txt
51,Hani,漢字,2E80–2EFF / 2F00–2FDF / 3400–4DBF / 4E00–9FFF / F900–FAFF / 16FE0–16FFF / 20000–2A6DF / 2A700–2B73F / 2B740–2B81F / 2B820–2CEAF / 2CEB0–2EBEF / 2EBF0–2EE5F / 2F800–2FA1F / 30000–3134F / 31350–323AF / 323B0–3347F,16,116,2E80–2EFF: 2E9A / 2EF4–2EFF; 2F00–2FDF: 2FD6–2FDF; 3400–4DBF: なし; 4E00–9FFF: なし; F900–FAFF: FA6E–FA6F / FADA–FAFF; 16FE0–16FFF: 16FE5–16FEF / 16FF7–16FFF; 20000–2A6DF: なし; 2A700–2B73F: なし; 2B740–2B81F: 2B81F; 2B820–2CEAF: 2CEAE–2CEAF; 2CEB0–2EBEF: 2EBE1–2EBEF; 2EBF0–2EE5F: 2EE5E–2EE5F; 2F800–2FA1F: 2FA1E–2FA1F; 30000–3134F: 3134B–3134F; 31350–323AF: なし; 323B0–3347F: 3347A–3347F,3000–303F,1,ブロック単位の未割当。Scriptに未割当自体の所属はない。,https://www.unicode.org/Public/18.0.0/ucd/Blocks.txt,https://www.unicode.org/Public/18.0.0/ucd/DerivedAge.txt
52,Hano,ハヌノオ,1720–173F,1,9,1720–173F: 1737–173F,,0,ブロック単位の未割当。Scriptに未割当自体の所属はない。,https://www.unicode.org/Public/18.0.0/ucd/Blocks.txt,https://www.unicode.org/Public/18.0.0/ucd/DerivedAge.txt
53,Hatr,ハトラ,108E0–108FF,1,6,108E0–108FF: 108F3 / 108F6–108FA,,0,ブロック単位の未割当。Scriptに未割当自体の所属はない。,https://www.unicode.org/Public/18.0.0/ucd/Blocks.txt,https://www.unicode.org/Public/18.0.0/ucd/DerivedAge.txt
54,Hebr,ヘブライ,0590–05FF / FB00–FB4F,2,44,0590–05FF: 0590 / 05CA–05CF / 05EB–05EE / 05F5–05FF; FB00–FB4F: FB07–FB12 / FB18–FB1C / FB37 / FB3D / FB3F / FB42 / FB45,,0,ブロック単位の未割当。Scriptに未割当自体の所属はない。,https://www.unicode.org/Public/18.0.0/ucd/Blocks.txt,https://www.unicode.org/Public/18.0.0/ucd/DerivedAge.txt
55,Hira,ひらがな,3040–309F / 1B000–1B0FF / 1B100–1B12F,3,10,3040–309F: 3040 / 3097–3098; 1B000–1B0FF: なし; 1B100–1B12F: 1B129–1B12F,1B130–1B16F,1,ブロック単位の未割当。Scriptに未割当自体の所属はない。,https://www.unicode.org/Public/18.0.0/ucd/Blocks.txt,https://www.unicode.org/Public/18.0.0/ucd/DerivedAge.txt
56,Hluw,アナトリア象形文字,14400–1467F,1,57,14400–1467F: 14647–1467F,,0,ブロック単位の未割当。Scriptに未割当自体の所属はない。,https://www.unicode.org/Public/18.0.0/ucd/Blocks.txt,https://www.unicode.org/Public/18.0.0/ucd/DerivedAge.txt
57,Hmng,パハウ・フモン,16B00–16B8F,1,17,16B00–16B8F: 16B46–16B4F / 16B5A / 16B62 / 16B78–16B7C,,0,ブロック単位の未割当。Scriptに未割当自体の所属はない。,https://www.unicode.org/Public/18.0.0/ucd/Blocks.txt,https://www.unicode.org/Public/18.0.0/ucd/DerivedAge.txt
58,Hmnp,ニャケン・プアチュエ・フモン,1E100–1E14F,1,9,1E100–1E14F: 1E12D–1E12F / 1E13E–1E13F / 1E14A–1E14D,,0,ブロック単位の未割当。Scriptに未割当自体の所属はない。,https://www.unicode.org/Public/18.0.0/ucd/Blocks.txt,https://www.unicode.org/Public/18.0.0/ucd/DerivedAge.txt
59,Hung,古ハンガリー,10C80–10CFF,1,20,10C80–10CFF: 10CB3–10CBF / 10CF3–10CF9,,0,ブロック単位の未割当。Scriptに未割当自体の所属はない。,https://www.unicode.org/Public/18.0.0/ucd/Blocks.txt,https://www.unicode.org/Public/18.0.0/ucd/DerivedAge.txt
60,Ital,古イタリア,10300–1032F,1,9,10300–1032F: 10324–1032C,,0,ブロック単位の未割当。Scriptに未割当自体の所属はない。,https://www.unicode.org/Public/18.0.0/ucd/Blocks.txt,https://www.unicode.org/Public/18.0.0/ucd/DerivedAge.txt
61,Java,ジャワ,A980–A9DF,1,5,A980–A9DF: A9CE / A9DA–A9DD,,0,ブロック単位の未割当。Scriptに未割当自体の所属はない。,https://www.unicode.org/Public/18.0.0/ucd/Blocks.txt,https://www.unicode.org/Public/18.0.0/ucd/DerivedAge.txt
62,Jurc,女真,18E00–1919F / 191A0–191DF,2,27,18E00–1919F: 19192–1919F; 191A0–191DF: 191D3–191DF,,0,ブロック単位の未割当。Scriptに未割当自体の所属はない。,https://www.unicode.org/Public/18.0.0/ucd/Blocks.txt,https://www.unicode.org/Public/18.0.0/ucd/DerivedAge.txt
63,Kali,カヤー・リー,A900–A92F,1,0,A900–A92F: なし,,0,ブロック単位の未割当。Scriptに未割当自体の所属はない。,https://www.unicode.org/Public/18.0.0/ucd/Blocks.txt,https://www.unicode.org/Public/18.0.0/ucd/DerivedAge.txt
64,Kana,カタカナ,30A0–30FF / 31F0–31FF / 1AFF0–1AFFF / 1B130–1B16F,4,57,30A0–30FF: なし; 31F0–31FF: なし; 1AFF0–1AFFF: 1AFF4 / 1AFFC / 1AFFF; 1B130–1B16F: 1B130–1B131 / 1B133–1B14F / 1B153–1B154 / 1B156–1B163 / 1B169–1B16F,3200–32FF / 3300–33FF / FF00–FFEF / 1B100–1B12F,4,ブロック単位の未割当。Scriptに未割当自体の所属はない。,https://www.unicode.org/Public/18.0.0/ucd/Blocks.txt,https://www.unicode.org/Public/18.0.0/ucd/DerivedAge.txt
65,Kawi,カウィ,11F00–11F5F,1,9,11F00–11F5F: 11F11 / 11F3B–11F3D / 11F5B–11F5F,,0,ブロック単位の未割当。Scriptに未割当自体の所属はない。,https://www.unicode.org/Public/18.0.0/ucd/Blocks.txt,https://www.unicode.org/Public/18.0.0/ucd/DerivedAge.txt
66,Khar,カローシュティー,10A00–10A5F,1,28,10A00–10A5F: 10A04 / 10A07–10A0B / 10A14 / 10A18 / 10A36–10A37 / 10A3B–10A3E / 10A49–10A4F / 10A59–10A5F,,0,ブロック単位の未割当。Scriptに未割当自体の所属はない。,https://www.unicode.org/Public/18.0.0/ucd/Blocks.txt,https://www.unicode.org/Public/18.0.0/ucd/DerivedAge.txt
67,Khmr,クメール,1780–17FF / 19E0–19FF,2,14,1780–17FF: 17DE–17DF / 17EA–17EF / 17FA–17FF; 19E0–19FF: なし,,0,ブロック単位の未割当。Scriptに未割当自体の所属はない。,https://www.unicode.org/Public/18.0.0/ucd/Blocks.txt,https://www.unicode.org/Public/18.0.0/ucd/DerivedAge.txt
68,Khoj,コージキー,11200–1124F,1,15,11200–1124F: 11212 / 11242–1124F,,0,ブロック単位の未割当。Scriptに未割当自体の所属はない。,https://www.unicode.org/Public/18.0.0/ucd/Blocks.txt,https://www.unicode.org/Public/18.0.0/ucd/DerivedAge.txt
69,Kits,契丹小字,18B00–18CFF,1,36,18B00–18CFF: 18CDB–18CFE,,0,ブロック単位の未割当。Scriptに未割当自体の所属はない。,https://www.unicode.org/Public/18.0.0/ucd/Blocks.txt,https://www.unicode.org/Public/18.0.0/ucd/DerivedAge.txt
70,Knda,カンナダ,0C80–0CFF,1,36,0C80–0CFF: 0C8D / 0C91 / 0CA9 / 0CB4 / 0CBA–0CBB / 0CC5 / 0CC9 / 0CCE–0CD4 / 0CD7–0CDB / 0CDF / 0CE4–0CE5 / 0CF0 / 0CF4–0CFF,,0,ブロック単位の未割当。Scriptに未割当自体の所属はない。,https://www.unicode.org/Public/18.0.0/ucd/Blocks.txt,https://www.unicode.org/Public/18.0.0/ucd/DerivedAge.txt
71,Krai,キラット・ライ,16D40–16D7F,1,6,16D40–16D7F: 16D7A–16D7F,,0,ブロック単位の未割当。Scriptに未割当自体の所属はない。,https://www.unicode.org/Public/18.0.0/ucd/Blocks.txt,https://www.unicode.org/Public/18.0.0/ucd/DerivedAge.txt
72,Kthi,カイティー,11080–110CF,1,12,11080–110CF: 110C3–110CC / 110CE–110CF,,0,ブロック単位の未割当。Scriptに未割当自体の所属はない。,https://www.unicode.org/Public/18.0.0/ucd/Blocks.txt,https://www.unicode.org/Public/18.0.0/ucd/DerivedAge.txt
73,Lana,タイ・タム,1A20–1AAF,1,17,1A20–1AAF: 1A5F / 1A7D–1A7E / 1A8A–1A8F / 1A9A–1A9F / 1AAE–1AAF,,0,ブロック単位の未割当。Scriptに未割当自体の所属はない。,https://www.unicode.org/Public/18.0.0/ucd/Blocks.txt,https://www.unicode.org/Public/18.0.0/ucd/DerivedAge.txt
74,Laoo,ラオ,0E80–0EFF,1,45,0E80–0EFF: 0E80 / 0E83 / 0E85 / 0E8B / 0EA4 / 0EA6 / 0EBE–0EBF / 0EC5 / 0EC7 / 0ECF / 0EDA–0EDB / 0EE0–0EFF,,0,ブロック単位の未割当。Scriptに未割当自体の所属はない。,https://www.unicode.org/Public/18.0.0/ucd/Blocks.txt,https://www.unicode.org/Public/18.0.0/ucd/DerivedAge.txt
75,Latn,ラテン,0000–007F / 0080–00FF / 0100–017F / 0180–024F / 0250–02AF / 1D00–1D7F / 1D80–1DBF / 1E00–1EFF / 2150–218F / 2C60–2C7F / A720–A7FF / AB30–AB6F / 10780–107BF / 1DF00–1DFFF,14,94,0000–007F: なし; 0080–00FF: なし; 0100–017F: なし; 0180–024F: なし; 0250–02AF: なし; 1D00–1D7F: なし; 1D80–1DBF: なし; 1E00–1EFF: なし; 2150–218F: 218C–218F; 2C60–2C7F: なし; A720–A7FF: A7DE–A7E1 / A7E3–A7F0; AB30–AB6F: AB6E–AB6F; 10780–107BF: 10786 / 107B1; 1DF00–1DFFF: 1DF82–1DF8F / 1DF97–1DFCC,02B0–02FF / 2070–209F / 2100–214F / FB00–FB4F / FF00–FFEF,5,ブロック単位の未割当。Scriptに未割当自体の所属はない。,https://www.unicode.org/Public/18.0.0/ucd/Blocks.txt,https://www.unicode.org/Public/18.0.0/ucd/DerivedAge.txt
76,Lepc,レプチャ,1C00–1C4F,1,6,1C00–1C4F: 1C38–1C3A / 1C4A–1C4C,,0,ブロック単位の未割当。Scriptに未割当自体の所属はない。,https://www.unicode.org/Public/18.0.0/ucd/Blocks.txt,https://www.unicode.org/Public/18.0.0/ucd/DerivedAge.txt
77,Limb,リンブ,1900–194F,1,12,1900–194F: 191F / 192C–192F / 193C–193F / 1941–1943,,0,ブロック単位の未割当。Scriptに未割当自体の所属はない。,https://www.unicode.org/Public/18.0.0/ucd/Blocks.txt,https://www.unicode.org/Public/18.0.0/ucd/DerivedAge.txt
78,Lina,線文字A,10600–1077F,1,43,10600–1077F: 10737–1073F / 10756–1075F / 10768–1077F,,0,ブロック単位の未割当。Scriptに未割当自体の所属はない。,https://www.unicode.org/Public/18.0.0/ucd/Blocks.txt,https://www.unicode.org/Public/18.0.0/ucd/DerivedAge.txt
79,Linb,線文字B,10000–1007F / 10080–100FF,2,45,10000–1007F: 1000C / 10027 / 1003B / 1003E / 1004E–1004F / 1005E–1007F; 10080–100FF: 100FB–100FF,,0,ブロック単位の未割当。Scriptに未割当自体の所属はない。,https://www.unicode.org/Public/18.0.0/ucd/Blocks.txt,https://www.unicode.org/Public/18.0.0/ucd/DerivedAge.txt
80,Lisu,リス,A4D0–A4FF / 11FB0–11FBF,2,15,A4D0–A4FF: なし; 11FB0–11FBF: 11FB1–11FBF,,0,ブロック単位の未割当。Scriptに未割当自体の所属はない。,https://www.unicode.org/Public/18.0.0/ucd/Blocks.txt,https://www.unicode.org/Public/18.0.0/ucd/DerivedAge.txt
81,Lyci,リュキア,10280–1029F,1,3,10280–1029F: 1029D–1029F,,0,ブロック単位の未割当。Scriptに未割当自体の所属はない。,https://www.unicode.org/Public/18.0.0/ucd/Blocks.txt,https://www.unicode.org/Public/18.0.0/ucd/DerivedAge.txt
82,Lydi,リュディア,10920–1093F,1,5,10920–1093F: 1093A–1093E,,0,ブロック単位の未割当。Scriptに未割当自体の所属はない。,https://www.unicode.org/Public/18.0.0/ucd/Blocks.txt,https://www.unicode.org/Public/18.0.0/ucd/DerivedAge.txt
83,Mahj,マハージャニー,11150–1117F,1,9,11150–1117F: 11177–1117F,,0,ブロック単位の未割当。Scriptに未割当自体の所属はない。,https://www.unicode.org/Public/18.0.0/ucd/Blocks.txt,https://www.unicode.org/Public/18.0.0/ucd/DerivedAge.txt
84,Maka,マカッサル,11EE0–11EFF,1,7,11EE0–11EFF: 11EF9–11EFF,,0,ブロック単位の未割当。Scriptに未割当自体の所属はない。,https://www.unicode.org/Public/18.0.0/ucd/Blocks.txt,https://www.unicode.org/Public/18.0.0/ucd/DerivedAge.txt
85,Mand,マンダ,0840–085F,1,3,0840–085F: 085C–085D / 085F,,0,ブロック単位の未割当。Scriptに未割当自体の所属はない。,https://www.unicode.org/Public/18.0.0/ucd/Blocks.txt,https://www.unicode.org/Public/18.0.0/ucd/DerivedAge.txt
86,Mani,マニ,10AC0–10AFF,1,13,10AC0–10AFF: 10AE7–10AEA / 10AF7–10AFF,,0,ブロック単位の未割当。Scriptに未割当自体の所属はない。,https://www.unicode.org/Public/18.0.0/ucd/Blocks.txt,https://www.unicode.org/Public/18.0.0/ucd/DerivedAge.txt
87,Marc,マルチェン,11C70–11CBF,1,12,11C70–11CBF: 11C90–11C91 / 11CA8 / 11CB7–11CBF,,0,ブロック単位の未割当。Scriptに未割当自体の所属はない。,https://www.unicode.org/Public/18.0.0/ucd/Blocks.txt,https://www.unicode.org/Public/18.0.0/ucd/DerivedAge.txt
88,Medf,メデファイドリン,16E40–16E9F,1,5,16E40–16E9F: 16E9B–16E9F,,0,ブロック単位の未割当。Scriptに未割当自体の所属はない。,https://www.unicode.org/Public/18.0.0/ucd/Blocks.txt,https://www.unicode.org/Public/18.0.0/ucd/DerivedAge.txt
89,Mend,メンデ・キカクイ,1E800–1E8DF,1,11,1E800–1E8DF: 1E8C5–1E8C6 / 1E8D7–1E8DF,,0,ブロック単位の未割当。Scriptに未割当自体の所属はない。,https://www.unicode.org/Public/18.0.0/ucd/Blocks.txt,https://www.unicode.org/Public/18.0.0/ucd/DerivedAge.txt
90,Merc,メロエ草書体,109A0–109FF,1,6,109A0–109FF: 109B8–109BB / 109D0–109D1,,0,ブロック単位の未割当。Scriptに未割当自体の所属はない。,https://www.unicode.org/Public/18.0.0/ucd/Blocks.txt,https://www.unicode.org/Public/18.0.0/ucd/DerivedAge.txt
91,Mero,メロエ聖刻文字,10980–1099F,1,0,10980–1099F: なし,,0,ブロック単位の未割当。Scriptに未割当自体の所属はない。,https://www.unicode.org/Public/18.0.0/ucd/Blocks.txt,https://www.unicode.org/Public/18.0.0/ucd/DerivedAge.txt
92,Mlym,マラヤーラム,0D00–0D7F,1,10,0D00–0D7F: 0D0D / 0D11 / 0D45 / 0D49 / 0D50–0D53 / 0D64–0D65,,0,ブロック単位の未割当。Scriptに未割当自体の所属はない。,https://www.unicode.org/Public/18.0.0/ucd/Blocks.txt,https://www.unicode.org/Public/18.0.0/ucd/DerivedAge.txt
93,Modi,モーディー,11600–1165F,1,17,11600–1165F: 11645–1164F / 1165A–1165F,,0,ブロック単位の未割当。Scriptに未割当自体の所属はない。,https://www.unicode.org/Public/18.0.0/ucd/Blocks.txt,https://www.unicode.org/Public/18.0.0/ucd/DerivedAge.txt
94,Mong,モンゴル,1800–18AF / 11660–1167F,2,37,1800–18AF: 181A–181F / 1879–187F / 18AB–18AF; 11660–1167F: 1166D–1167F,,0,ブロック単位の未割当。Scriptに未割当自体の所属はない。,https://www.unicode.org/Public/18.0.0/ucd/Blocks.txt,https://www.unicode.org/Public/18.0.0/ucd/DerivedAge.txt
95,Mroo,ムロ,16A40–16A6F,1,5,16A40–16A6F: 16A5F / 16A6A–16A6D,,0,ブロック単位の未割当。Scriptに未割当自体の所属はない。,https://www.unicode.org/Public/18.0.0/ucd/Blocks.txt,https://www.unicode.org/Public/18.0.0/ucd/DerivedAge.txt
96,Mtei,メイテイ・マイェク,AAE0–AAFF / ABC0–ABFF,2,17,AAE0–AAFF: AAF7–AAFF; ABC0–ABFF: ABEE–ABEF / ABFA–ABFF,,0,ブロック単位の未割当。Scriptに未割当自体の所属はない。,https://www.unicode.org/Public/18.0.0/ucd/Blocks.txt,https://www.unicode.org/Public/18.0.0/ucd/DerivedAge.txt
97,Mult,ムルターニー,11280–112AF,1,10,11280–112AF: 11287 / 11289 / 1128E / 1129E / 112AA–112AF,,0,ブロック単位の未割当。Scriptに未割当自体の所属はない。,https://www.unicode.org/Public/18.0.0/ucd/Blocks.txt,https://www.unicode.org/Public/18.0.0/ucd/DerivedAge.txt
98,Mymr,ミャンマー,1000–109F / A9E0–A9FF / AA60–AA7F / 116D0–116FF,4,29,1000–109F: なし; A9E0–A9FF: A9FF; AA60–AA7F: なし; 116D0–116FF: 116E4–116FF,,0,ブロック単位の未割当。Scriptに未割当自体の所属はない。,https://www.unicode.org/Public/18.0.0/ucd/Blocks.txt,https://www.unicode.org/Public/18.0.0/ucd/DerivedAge.txt
99,Nagm,ナグ・ムンダリ,1E4D0–1E4FF,1,6,1E4D0–1E4FF: 1E4FA–1E4FF,,0,ブロック単位の未割当。Scriptに未割当自体の所属はない。,https://www.unicode.org/Public/18.0.0/ucd/Blocks.txt,https://www.unicode.org/Public/18.0.0/ucd/DerivedAge.txt
100,Nand,ナンディナーガリー,119A0–119FF,1,31,119A0–119FF: 119A8–119A9 / 119D8–119D9 / 119E5–119FF,,0,ブロック単位の未割当。Scriptに未割当自体の所属はない。,https://www.unicode.org/Public/18.0.0/ucd/Blocks.txt,https://www.unicode.org/Public/18.0.0/ucd/DerivedAge.txt
101,Narb,古代北アラビア,10A80–10A9F,1,0,10A80–10A9F: なし,,0,ブロック単位の未割当。Scriptに未割当自体の所属はない。,https://www.unicode.org/Public/18.0.0/ucd/Blocks.txt,https://www.unicode.org/Public/18.0.0/ucd/DerivedAge.txt
102,Nbat,ナバテア,10880–108AF,1,8,10880–108AF: 1089F–108A6,,0,ブロック単位の未割当。Scriptに未割当自体の所属はない。,https://www.unicode.org/Public/18.0.0/ucd/Blocks.txt,https://www.unicode.org/Public/18.0.0/ucd/DerivedAge.txt
103,Newa,ネワ,11400–1147F,1,31,11400–1147F: 1145C / 11462–1147F,,0,ブロック単位の未割当。Scriptに未割当自体の所属はない。,https://www.unicode.org/Public/18.0.0/ucd/Blocks.txt,https://www.unicode.org/Public/18.0.0/ucd/DerivedAge.txt
104,Nkoo,ンコ,07C0–07FF,1,2,07C0–07FF: 07FB–07FC,,0,ブロック単位の未割当。Scriptに未割当自体の所属はない。,https://www.unicode.org/Public/18.0.0/ucd/Blocks.txt,https://www.unicode.org/Public/18.0.0/ucd/DerivedAge.txt
105,Nshu,女書,1B170–1B2FF,1,4,1B170–1B2FF: 1B2FC–1B2FF,,0,ブロック単位の未割当。Scriptに未割当自体の所属はない。,https://www.unicode.org/Public/18.0.0/ucd/Blocks.txt,https://www.unicode.org/Public/18.0.0/ucd/DerivedAge.txt
106,Ogam,オガム,1680–169F,1,3,1680–169F: 169D–169F,,0,ブロック単位の未割当。Scriptに未割当自体の所属はない。,https://www.unicode.org/Public/18.0.0/ucd/Blocks.txt,https://www.unicode.org/Public/18.0.0/ucd/DerivedAge.txt
107,Olck,オル・チキ,1C50–1C7F,1,0,1C50–1C7F: なし,,0,ブロック単位の未割当。Scriptに未割当自体の所属はない。,https://www.unicode.org/Public/18.0.0/ucd/Blocks.txt,https://www.unicode.org/Public/18.0.0/ucd/DerivedAge.txt
108,Onao,オル・オナル,1E5D0–1E5FF,1,4,1E5D0–1E5FF: 1E5FB–1E5FE,,0,ブロック単位の未割当。Scriptに未割当自体の所属はない。,https://www.unicode.org/Public/18.0.0/ucd/Blocks.txt,https://www.unicode.org/Public/18.0.0/ucd/DerivedAge.txt
109,Orkh,古代テュルク,10C00–10C4F,1,7,10C00–10C4F: 10C49–10C4F,,0,ブロック単位の未割当。Scriptに未割当自体の所属はない。,https://www.unicode.org/Public/18.0.0/ucd/Blocks.txt,https://www.unicode.org/Public/18.0.0/ucd/DerivedAge.txt
110,Orya,オリヤ,0B00–0B7F,1,35,0B00–0B7F: 0B00 / 0B04 / 0B0D–0B0E / 0B11–0B12 / 0B29 / 0B31 / 0B34 / 0B3A–0B3B / 0B45–0B46 / 0B49–0B4A / 0B4E–0B52 / 0B58–0B5B / 0B5E / 0B64–0B65 / 0B78–0B7F,,0,ブロック単位の未割当。Scriptに未割当自体の所属はない。,https://www.unicode.org/Public/18.0.0/ucd/Blocks.txt,https://www.unicode.org/Public/18.0.0/ucd/DerivedAge.txt
111,Osge,オセージ,104B0–104FF,1,8,104B0–104FF: 104D4–104D7 / 104FC–104FF,,0,ブロック単位の未割当。Scriptに未割当自体の所属はない。,https://www.unicode.org/Public/18.0.0/ucd/Blocks.txt,https://www.unicode.org/Public/18.0.0/ucd/DerivedAge.txt
112,Osma,オスマニヤ,10480–104AF,1,8,10480–104AF: 1049E–1049F / 104AA–104AF,,0,ブロック単位の未割当。Scriptに未割当自体の所属はない。,https://www.unicode.org/Public/18.0.0/ucd/Blocks.txt,https://www.unicode.org/Public/18.0.0/ucd/DerivedAge.txt
113,Ougr,古ウイグル,10F70–10FAF,1,38,10F70–10FAF: 10F8A–10FAF,,0,ブロック単位の未割当。Scriptに未割当自体の所属はない。,https://www.unicode.org/Public/18.0.0/ucd/Blocks.txt,https://www.unicode.org/Public/18.0.0/ucd/DerivedAge.txt
114,Palm,パルミラ,10860–1087F,1,0,10860–1087F: なし,,0,ブロック単位の未割当。Scriptに未割当自体の所属はない。,https://www.unicode.org/Public/18.0.0/ucd/Blocks.txt,https://www.unicode.org/Public/18.0.0/ucd/DerivedAge.txt
115,Pauc,パウ・チン・ハウ,11AC0–11AFF,1,7,11AC0–11AFF: 11AF9–11AFF,,0,ブロック単位の未割当。Scriptに未割当自体の所属はない。,https://www.unicode.org/Public/18.0.0/ucd/Blocks.txt,https://www.unicode.org/Public/18.0.0/ucd/DerivedAge.txt
116,Pcun,原楔形文字,12550–1268F,1,9,12550–1268F: 12687–1268F,,0,ブロック単位の未割当。Scriptに未割当自体の所属はない。,https://www.unicode.org/Public/18.0.0/ucd/Blocks.txt,https://www.unicode.org/Public/18.0.0/ucd/DerivedAge.txt
117,Perm,古ペルム,10350–1037F,1,5,10350–1037F: 1037B–1037F,,0,ブロック単位の未割当。Scriptに未割当自体の所属はない。,https://www.unicode.org/Public/18.0.0/ucd/Blocks.txt,https://www.unicode.org/Public/18.0.0/ucd/DerivedAge.txt
118,Phag,パスパ,A840–A87F,1,8,A840–A87F: A878–A87F,,0,ブロック単位の未割当。Scriptに未割当自体の所属はない。,https://www.unicode.org/Public/18.0.0/ucd/Blocks.txt,https://www.unicode.org/Public/18.0.0/ucd/DerivedAge.txt
119,Phli,碑文パフラヴィー,10B60–10B7F,1,5,10B60–10B7F: 10B73–10B77,,0,ブロック単位の未割当。Scriptに未割当自体の所属はない。,https://www.unicode.org/Public/18.0.0/ucd/Blocks.txt,https://www.unicode.org/Public/18.0.0/ucd/DerivedAge.txt
120,Phlp,詩篇パフラヴィー,10B80–10BAF,1,19,10B80–10BAF: 10B92–10B98 / 10B9D–10BA8,,0,ブロック単位の未割当。Scriptに未割当自体の所属はない。,https://www.unicode.org/Public/18.0.0/ucd/Blocks.txt,https://www.unicode.org/Public/18.0.0/ucd/DerivedAge.txt
121,Phnx,フェニキア,10900–1091F,1,3,10900–1091F: 1091C–1091E,,0,ブロック単位の未割当。Scriptに未割当自体の所属はない。,https://www.unicode.org/Public/18.0.0/ucd/Blocks.txt,https://www.unicode.org/Public/18.0.0/ucd/DerivedAge.txt
122,Plrd,ミャオ,16F00–16F9F,1,11,16F00–16F9F: 16F4B–16F4E / 16F88–16F8E,,0,ブロック単位の未割当。Scriptに未割当自体の所属はない。,https://www.unicode.org/Public/18.0.0/ucd/Blocks.txt,https://www.unicode.org/Public/18.0.0/ucd/DerivedAge.txt
123,Prti,碑文パルティア,10B40–10B5F,1,2,10B40–10B5F: 10B56–10B57,,0,ブロック単位の未割当。Scriptに未割当自体の所属はない。,https://www.unicode.org/Public/18.0.0/ucd/Blocks.txt,https://www.unicode.org/Public/18.0.0/ucd/DerivedAge.txt
124,Rjng,レジャン,A930–A95F,1,11,A930–A95F: A954–A95E,,0,ブロック単位の未割当。Scriptに未割当自体の所属はない。,https://www.unicode.org/Public/18.0.0/ucd/Blocks.txt,https://www.unicode.org/Public/18.0.0/ucd/DerivedAge.txt
125,Rohg,ハニーフィー・ロヒンギャ,10D00–10D3F,1,14,10D00–10D3F: 10D28–10D2F / 10D3A–10D3F,,0,ブロック単位の未割当。Scriptに未割当自体の所属はない。,https://www.unicode.org/Public/18.0.0/ucd/Blocks.txt,https://www.unicode.org/Public/18.0.0/ucd/DerivedAge.txt
126,Runr,ルーン,16A0–16FF,1,7,16A0–16FF: 16F9–16FF,,0,ブロック単位の未割当。Scriptに未割当自体の所属はない。,https://www.unicode.org/Public/18.0.0/ucd/Blocks.txt,https://www.unicode.org/Public/18.0.0/ucd/DerivedAge.txt
127,Samr,サマリア,0800–083F,1,3,0800–083F: 082E–082F / 083F,,0,ブロック単位の未割当。Scriptに未割当自体の所属はない。,https://www.unicode.org/Public/18.0.0/ucd/Blocks.txt,https://www.unicode.org/Public/18.0.0/ucd/DerivedAge.txt
128,Sarb,古代南アラビア,10A60–10A7F,1,0,10A60–10A7F: なし,,0,ブロック単位の未割当。Scriptに未割当自体の所属はない。,https://www.unicode.org/Public/18.0.0/ucd/Blocks.txt,https://www.unicode.org/Public/18.0.0/ucd/DerivedAge.txt
129,Saur,サウラーシュトラ,A880–A8DF,1,14,A880–A8DF: A8C6–A8CD / A8DA–A8DF,,0,ブロック単位の未割当。Scriptに未割当自体の所属はない。,https://www.unicode.org/Public/18.0.0/ucd/Blocks.txt,https://www.unicode.org/Public/18.0.0/ucd/DerivedAge.txt
130,Seal,篆書・小篆,3D000–3FC3F,1,0,3D000–3FC3F: なし,,0,ブロック単位の未割当。Scriptに未割当自体の所属はない。,https://www.unicode.org/Public/18.0.0/ucd/Blocks.txt,https://www.unicode.org/Public/18.0.0/ucd/DerivedAge.txt
131,Sgnw,サットン手話表記,1D800–1DAAF,1,16,1D800–1DAAF: 1DA8C–1DA9A / 1DAA0,,0,ブロック単位の未割当。Scriptに未割当自体の所属はない。,https://www.unicode.org/Public/18.0.0/ucd/Blocks.txt,https://www.unicode.org/Public/18.0.0/ucd/DerivedAge.txt
132,Shaw,ショー,10450–1047F,1,0,10450–1047F: なし,,0,ブロック単位の未割当。Scriptに未割当自体の所属はない。,https://www.unicode.org/Public/18.0.0/ucd/Blocks.txt,https://www.unicode.org/Public/18.0.0/ucd/DerivedAge.txt
133,Shrd,シャーラダー,11180–111DF / 11B60–11B7F,2,24,11180–111DF: なし; 11B60–11B7F: 11B68–11B7F,,0,ブロック単位の未割当。Scriptに未割当自体の所属はない。,https://www.unicode.org/Public/18.0.0/ucd/Blocks.txt,https://www.unicode.org/Public/18.0.0/ucd/DerivedAge.txt
134,Sidd,悉曇,11580–115FF,1,36,11580–115FF: 115B6–115B7 / 115DE–115FF,,0,ブロック単位の未割当。Scriptに未割当自体の所属はない。,https://www.unicode.org/Public/18.0.0/ucd/Blocks.txt,https://www.unicode.org/Public/18.0.0/ucd/DerivedAge.txt
135,Sidt,シデ,10940–1095F,1,6,10940–1095F: 1095A–1095F,,0,ブロック単位の未割当。Scriptに未割当自体の所属はない。,https://www.unicode.org/Public/18.0.0/ucd/Blocks.txt,https://www.unicode.org/Public/18.0.0/ucd/DerivedAge.txt
136,Sind,クダワディ,112B0–112FF,1,11,112B0–112FF: 112EB–112EF / 112FA–112FF,,0,ブロック単位の未割当。Scriptに未割当自体の所属はない。,https://www.unicode.org/Public/18.0.0/ucd/Blocks.txt,https://www.unicode.org/Public/18.0.0/ucd/DerivedAge.txt
137,Sinh,シンハラ,0D80–0DFF / 111E0–111FF,2,49,0D80–0DFF: 0D80 / 0D84 / 0D97–0D99 / 0DB2 / 0DBC / 0DBE–0DBF / 0DC7–0DC9 / 0DCB–0DCE / 0DD5 / 0DD7 / 0DE0–0DE5 / 0DF0–0DF1 / 0DF5–0DFF; 111E0–111FF: 111E0 / 111F5–111FF,,0,ブロック単位の未割当。Scriptに未割当自体の所属はない。,https://www.unicode.org/Public/18.0.0/ucd/Blocks.txt,https://www.unicode.org/Public/18.0.0/ucd/DerivedAge.txt
138,Sogd,ソグド,10F30–10F6F,1,22,10F30–10F6F: 10F5A–10F6F,,0,ブロック単位の未割当。Scriptに未割当自体の所属はない。,https://www.unicode.org/Public/18.0.0/ucd/Blocks.txt,https://www.unicode.org/Public/18.0.0/ucd/DerivedAge.txt
139,Sogo,古ソグド,10F00–10F2F,1,8,10F00–10F2F: 10F28–10F2F,,0,ブロック単位の未割当。Scriptに未割当自体の所属はない。,https://www.unicode.org/Public/18.0.0/ucd/Blocks.txt,https://www.unicode.org/Public/18.0.0/ucd/DerivedAge.txt
140,Sora,ソラ・ソンペン,110D0–110FF,1,13,110D0–110FF: 110E9–110EF / 110FA–110FF,,0,ブロック単位の未割当。Scriptに未割当自体の所属はない。,https://www.unicode.org/Public/18.0.0/ucd/Blocks.txt,https://www.unicode.org/Public/18.0.0/ucd/DerivedAge.txt
141,Soyo,ソヨンボ,11A50–11AAF,1,13,11A50–11AAF: 11AA3–11AAF,,0,ブロック単位の未割当。Scriptに未割当自体の所属はない。,https://www.unicode.org/Public/18.0.0/ucd/Blocks.txt,https://www.unicode.org/Public/18.0.0/ucd/DerivedAge.txt
142,Sund,スンダ,1B80–1BBF / 1CC0–1CCF,2,8,1B80–1BBF: なし; 1CC0–1CCF: 1CC8–1CCF,,0,ブロック単位の未割当。Scriptに未割当自体の所属はない。,https://www.unicode.org/Public/18.0.0/ucd/Blocks.txt,https://www.unicode.org/Public/18.0.0/ucd/DerivedAge.txt
143,Sunu,スヌワール,11BC0–11BFF,1,20,11BC0–11BFF: 11BE2–11BEF / 11BFA–11BFF,,0,ブロック単位の未割当。Scriptに未割当自体の所属はない。,https://www.unicode.org/Public/18.0.0/ucd/Blocks.txt,https://www.unicode.org/Public/18.0.0/ucd/DerivedAge.txt
144,Sylo,シロティ・ナグリ,A800–A82F,1,3,A800–A82F: A82D–A82F,,0,ブロック単位の未割当。Scriptに未割当自体の所属はない。,https://www.unicode.org/Public/18.0.0/ucd/Blocks.txt,https://www.unicode.org/Public/18.0.0/ucd/DerivedAge.txt
145,Syrc,シリア,0700–074F / 0860–086F,2,8,0700–074F: 070E / 074B–074C; 0860–086F: 086B–086F,,0,ブロック単位の未割当。Scriptに未割当自体の所属はない。,https://www.unicode.org/Public/18.0.0/ucd/Blocks.txt,https://www.unicode.org/Public/18.0.0/ucd/DerivedAge.txt
146,Tagb,タグバヌア,1760–177F,1,14,1760–177F: 176D / 1771 / 1774–177F,,0,ブロック単位の未割当。Scriptに未割当自体の所属はない。,https://www.unicode.org/Public/18.0.0/ucd/Blocks.txt,https://www.unicode.org/Public/18.0.0/ucd/DerivedAge.txt
147,Takr,タークリー,11680–116CF,1,12,11680–116CF: 116BA–116BF / 116CA–116CF,,0,ブロック単位の未割当。Scriptに未割当自体の所属はない。,https://www.unicode.org/Public/18.0.0/ucd/Blocks.txt,https://www.unicode.org/Public/18.0.0/ucd/DerivedAge.txt
148,Tale,タイ・レー,1950–197F,1,13,1950–197F: 196E–196F / 1975–197F,,0,ブロック単位の未割当。Scriptに未割当自体の所属はない。,https://www.unicode.org/Public/18.0.0/ucd/Blocks.txt,https://www.unicode.org/Public/18.0.0/ucd/DerivedAge.txt
149,Talu,新タイ・ルー,1980–19DF,1,13,1980–19DF: 19AC–19AF / 19CA–19CF / 19DB–19DD,,0,ブロック単位の未割当。Scriptに未割当自体の所属はない。,https://www.unicode.org/Public/18.0.0/ucd/Blocks.txt,https://www.unicode.org/Public/18.0.0/ucd/DerivedAge.txt
150,Taml,タミル,0B80–0BFF / 11FC0–11FFF,2,69,0B80–0BFF: 0B80–0B81 / 0B84 / 0B8B–0B8D / 0B91 / 0B96–0B98 / 0B9B / 0B9D / 0BA0–0BA2 / 0BA5–0BA7 / 0BAB–0BAD / 0BBA–0BBD / 0BC3–0BC5 / 0BC9 / 0BCE–0BCF / 0BD1–0BD6 / 0BD8–0BE5 / 0BFB–0BFF; 11FC0–11FFF: 11FF2–11FFE,,0,ブロック単位の未割当。Scriptに未割当自体の所属はない。,https://www.unicode.org/Public/18.0.0/ucd/Blocks.txt,https://www.unicode.org/Public/18.0.0/ucd/DerivedAge.txt
151,Tang,西夏,17000–187FF / 18800–18AFF / 18D00–18D7F / 18D80–18DFF,4,108,17000–187FF: なし; 18800–18AFF: なし; 18D00–18D7F: 18D21–18D7F; 18D80–18DFF: 18DF3–18DFF,,0,ブロック単位の未割当。Scriptに未割当自体の所属はない。,https://www.unicode.org/Public/18.0.0/ucd/Blocks.txt,https://www.unicode.org/Public/18.0.0/ucd/DerivedAge.txt
152,Tavt,タイ・ヴィエト,AA80–AADF,1,24,AA80–AADF: AAC3–AADA,,0,ブロック単位の未割当。Scriptに未割当自体の所属はない。,https://www.unicode.org/Public/18.0.0/ucd/Blocks.txt,https://www.unicode.org/Public/18.0.0/ucd/DerivedAge.txt
153,Tayo,タイ・ヨー,1E6C0–1E6FF,1,9,1E6C0–1E6FF: 1E6DF / 1E6F6–1E6FD,,0,ブロック単位の未割当。Scriptに未割当自体の所属はない。,https://www.unicode.org/Public/18.0.0/ucd/Blocks.txt,https://www.unicode.org/Public/18.0.0/ucd/DerivedAge.txt
154,Telu,テルグ,0C00–0C7F,1,27,0C00–0C7F: 0C0D / 0C11 / 0C29 / 0C3A–0C3B / 0C45 / 0C49 / 0C4E–0C54 / 0C57 / 0C5B / 0C5E–0C5F / 0C64–0C65 / 0C70–0C76,,0,ブロック単位の未割当。Scriptに未割当自体の所属はない。,https://www.unicode.org/Public/18.0.0/ucd/Blocks.txt,https://www.unicode.org/Public/18.0.0/ucd/DerivedAge.txt
155,Tfng,ティフィナグ,2D30–2D7F,1,21,2D30–2D7F: 2D68–2D6E / 2D71–2D7E,,0,ブロック単位の未割当。Scriptに未割当自体の所属はない。,https://www.unicode.org/Public/18.0.0/ucd/Blocks.txt,https://www.unicode.org/Public/18.0.0/ucd/DerivedAge.txt
156,Tglg,タガログ,1700–171F,1,9,1700–171F: 1716–171E,,0,ブロック単位の未割当。Scriptに未割当自体の所属はない。,https://www.unicode.org/Public/18.0.0/ucd/Blocks.txt,https://www.unicode.org/Public/18.0.0/ucd/DerivedAge.txt
157,Thaa,ターナ,0780–07BF,1,14,0780–07BF: 07B2–07BF,,0,ブロック単位の未割当。Scriptに未割当自体の所属はない。,https://www.unicode.org/Public/18.0.0/ucd/Blocks.txt,https://www.unicode.org/Public/18.0.0/ucd/DerivedAge.txt
158,Thai,タイ,0E00–0E7F,1,41,0E00–0E7F: 0E00 / 0E3B–0E3E / 0E5C–0E7F,,0,ブロック単位の未割当。Scriptに未割当自体の所属はない。,https://www.unicode.org/Public/18.0.0/ucd/Blocks.txt,https://www.unicode.org/Public/18.0.0/ucd/DerivedAge.txt
159,Tibt,チベット,0F00–0FFF,1,45,0F00–0FFF: 0F48 / 0F6D–0F70 / 0F98 / 0FBD / 0FCD / 0FDB–0FFF,,0,ブロック単位の未割当。Scriptに未割当自体の所属はない。,https://www.unicode.org/Public/18.0.0/ucd/Blocks.txt,https://www.unicode.org/Public/18.0.0/ucd/DerivedAge.txt
160,Tirh,ティルフター,11480–114DF,1,14,11480–114DF: 114C8–114CF / 114DA–114DF,,0,ブロック単位の未割当。Scriptに未割当自体の所属はない。,https://www.unicode.org/Public/18.0.0/ucd/Blocks.txt,https://www.unicode.org/Public/18.0.0/ucd/DerivedAge.txt
161,Tnsa,タンサ,16A70–16ACF,1,7,16A70–16ACF: 16ABF / 16ACA–16ACF,,0,ブロック単位の未割当。Scriptに未割当自体の所属はない。,https://www.unicode.org/Public/18.0.0/ucd/Blocks.txt,https://www.unicode.org/Public/18.0.0/ucd/DerivedAge.txt
162,Todr,トドリ,105C0–105FF,1,12,105C0–105FF: 105F4–105FF,,0,ブロック単位の未割当。Scriptに未割当自体の所属はない。,https://www.unicode.org/Public/18.0.0/ucd/Blocks.txt,https://www.unicode.org/Public/18.0.0/ucd/DerivedAge.txt
163,Tols,トロン・シキ,11DB0–11DEF,1,10,11DB0–11DEF: 11DDC–11DDF / 11DEA–11DEF,,0,ブロック単位の未割当。Scriptに未割当自体の所属はない。,https://www.unicode.org/Public/18.0.0/ucd/Blocks.txt,https://www.unicode.org/Public/18.0.0/ucd/DerivedAge.txt
164,Toto,トト,1E290–1E2BF,1,17,1E290–1E2BF: 1E2AF–1E2BF,,0,ブロック単位の未割当。Scriptに未割当自体の所属はない。,https://www.unicode.org/Public/18.0.0/ucd/Blocks.txt,https://www.unicode.org/Public/18.0.0/ucd/DerivedAge.txt
165,Tutg,トゥル・ティガラリ,11380–113FF,1,48,11380–113FF: 1138A / 1138C–1138D / 1138F / 113B6 / 113C1 / 113C3–113C4 / 113C6 / 113CB / 113D6 / 113D9–113E0 / 113E3–113FF,,0,ブロック単位の未割当。Scriptに未割当自体の所属はない。,https://www.unicode.org/Public/18.0.0/ucd/Blocks.txt,https://www.unicode.org/Public/18.0.0/ucd/DerivedAge.txt
166,Ugar,ウガリト,10380–1039F,1,1,10380–1039F: 1039E,,0,ブロック単位の未割当。Scriptに未割当自体の所属はない。,https://www.unicode.org/Public/18.0.0/ucd/Blocks.txt,https://www.unicode.org/Public/18.0.0/ucd/DerivedAge.txt
167,Vaii,ヴァイ,A500–A63F,1,20,A500–A63F: A62C–A63F,,0,ブロック単位の未割当。Scriptに未割当自体の所属はない。,https://www.unicode.org/Public/18.0.0/ucd/Blocks.txt,https://www.unicode.org/Public/18.0.0/ucd/DerivedAge.txt
168,Vith,ヴィトクチ,10570–105BF,1,10,10570–105BF: 1057B / 1058B / 10593 / 10596 / 105A2 / 105B2 / 105BA / 105BD–105BF,,0,ブロック単位の未割当。Scriptに未割当自体の所属はない。,https://www.unicode.org/Public/18.0.0/ucd/Blocks.txt,https://www.unicode.org/Public/18.0.0/ucd/DerivedAge.txt
169,Wara,ワラン・チティ,118A0–118FF,1,12,118A0–118FF: 118F3–118FE,,0,ブロック単位の未割当。Scriptに未割当自体の所属はない。,https://www.unicode.org/Public/18.0.0/ucd/Blocks.txt,https://www.unicode.org/Public/18.0.0/ucd/DerivedAge.txt
170,Wcho,ワンチョ,1E2C0–1E2FF,1,5,1E2C0–1E2FF: 1E2FA–1E2FE,,0,ブロック単位の未割当。Scriptに未割当自体の所属はない。,https://www.unicode.org/Public/18.0.0/ucd/Blocks.txt,https://www.unicode.org/Public/18.0.0/ucd/DerivedAge.txt
171,Xpeo,古代ペルシア楔形,103A0–103DF,1,14,103A0–103DF: 103C4–103C7 / 103D6–103DF,,0,ブロック単位の未割当。Scriptに未割当自体の所属はない。,https://www.unicode.org/Public/18.0.0/ucd/Blocks.txt,https://www.unicode.org/Public/18.0.0/ucd/DerivedAge.txt
172,Xsux,楔形文字,12000–123FF / 12400–1247F / 12480–1254F,3,114,12000–123FF: 1239A–123FF; 12400–1247F: なし; 12480–1254F: 12544–1254F,12550–1268F,1,ブロック単位の未割当。Scriptに未割当自体の所属はない。,https://www.unicode.org/Public/18.0.0/ucd/Blocks.txt,https://www.unicode.org/Public/18.0.0/ucd/DerivedAge.txt
173,Yezi,ヤズィーディー,10E80–10EBF,1,17,10E80–10EBF: 10EAA / 10EAE–10EAF / 10EB2–10EBF,,0,ブロック単位の未割当。Scriptに未割当自体の所属はない。,https://www.unicode.org/Public/18.0.0/ucd/Blocks.txt,https://www.unicode.org/Public/18.0.0/ucd/DerivedAge.txt
174,Yiii,イ,A000–A48F / A490–A4CF,2,12,A000–A48F: A48D–A48F; A490–A4CF: A4C7–A4CF,,0,ブロック単位の未割当。Scriptに未割当自体の所属はない。,https://www.unicode.org/Public/18.0.0/ucd/Blocks.txt,https://www.unicode.org/Public/18.0.0/ucd/DerivedAge.txt
175,Zanb,ザナバザル・スクエア,11A00–11A4F,1,8,11A00–11A4F: 11A48–11A4F,,0,ブロック単位の未割当。Scriptに未割当自体の所属はない。,https://www.unicode.org/Public/18.0.0/ucd/Blocks.txt,https://www.unicode.org/Public/18.0.0/ucd/DerivedAge.txt
